-- Auto-generated seed data
-- Generated at: 2025-12-07T09:50:55.941Z
-- Run this in Supabase SQL Editor to populate your DB

-- Inserting into categories
INSERT INTO "public"."categories" ("id", "name", "slug") VALUES
  ('7b20137e-966b-4953-95ac-ba5549f63ef7', 'Computers', 'computers-ZG3'),
  ('33f18346-4fa2-43c4-8a17-8993df3162b7', 'Automotive', 'automotive-hSY'),
  ('ba9eb327-8671-4a10-8fd1-867f5535701d', 'Health', 'health-9Se'),
  ('d2ab8234-2995-459a-a1d2-dcf61aa61e87', 'Clothing', 'clothing-Zkh'),
  ('e70c5948-d5dc-4012-9bbc-6350fd86975b', 'Movies', 'movies-Kqs'),
  ('8f864a33-9ee7-4c2c-a8ca-9664e1961472', 'Garden', 'garden-Xxc'),
  ('7248a29f-f14e-4ec1-b542-5d92e477c883', 'Toys', 'toys-g3M'),
  ('f0f671b8-6ce2-4c80-91fd-b812a247c07b', 'Electronics', 'electronics-9c8');

-- Inserting into attributes
INSERT INTO "public"."attributes" ("id", "name", "slug", "category_id") VALUES
  ('dc8ddd54-a7d4-4d86-9c96-88c553b0d4c9', 'Color', 'color', 'd2ab8234-2995-459a-a1d2-dcf61aa61e87'),
  ('fc647d12-352a-4bc8-8b14-a8db7447565f', 'Size', 'size', '7248a29f-f14e-4ec1-b542-5d92e477c883'),
  ('53903bec-9e0e-4172-a07d-63298b4ffbe2', 'Storage', 'storage', 'f0f671b8-6ce2-4c80-91fd-b812a247c07b'),
  ('51ae6464-4b57-40b0-ad05-43e26f2b738d', 'RAM', 'ram', '8f864a33-9ee7-4c2c-a8ca-9664e1961472'),
  ('a2864550-1d14-44a1-a650-f7653b5f0ab5', 'Material', 'material', '33f18346-4fa2-43c4-8a17-8993df3162b7'),
  ('54566587-5a86-4bdd-869c-0cfa164ecc9f', 'Screen Size', 'screen-size', '7248a29f-f14e-4ec1-b542-5d92e477c883');

-- Inserting into attribute_values
INSERT INTO "public"."attribute_values" ("id", "attribute_id", "value") VALUES
  ('5f1b7cbb-4cdb-4a03-bb03-31e224bf4d36', 'dc8ddd54-a7d4-4d86-9c96-88c553b0d4c9', 'Black'),
  ('dcb4c981-08aa-4cf9-b2f4-ef78ede33bcf', 'dc8ddd54-a7d4-4d86-9c96-88c553b0d4c9', 'White'),
  ('d8dcc675-6b03-4b46-804b-a29813fd522b', 'dc8ddd54-a7d4-4d86-9c96-88c553b0d4c9', 'Midnight Blue'),
  ('259630a4-9471-43b6-9b15-638498f1d6cd', 'dc8ddd54-a7d4-4d86-9c96-88c553b0d4c9', 'Space Gray'),
  ('78f5979f-90ae-4dcd-acc3-537814850e7e', 'dc8ddd54-a7d4-4d86-9c96-88c553b0d4c9', 'Silver'),
  ('1cd190f6-55b9-423c-ae6c-60868d2e560c', 'dc8ddd54-a7d4-4d86-9c96-88c553b0d4c9', 'Gold'),
  ('45853fcd-dbb0-4613-af00-a0885ad616fe', 'dc8ddd54-a7d4-4d86-9c96-88c553b0d4c9', 'Red'),
  ('7c71c970-1a09-4146-84e6-c383ba622ac4', 'fc647d12-352a-4bc8-8b14-a8db7447565f', 'XS'),
  ('10bd2081-f743-4c61-9a02-3a7405406729', 'fc647d12-352a-4bc8-8b14-a8db7447565f', 'S'),
  ('0223a133-5ce2-47eb-90da-b2c48f4c4618', 'fc647d12-352a-4bc8-8b14-a8db7447565f', 'M'),
  ('17e1db49-bd51-4a2a-bac2-9f38bf8a6a58', 'fc647d12-352a-4bc8-8b14-a8db7447565f', 'L'),
  ('731c617c-e85e-40f9-8c41-d1bd5503074f', 'fc647d12-352a-4bc8-8b14-a8db7447565f', 'XL'),
  ('806ab052-3066-4024-a0bc-1b06892b9b4a', 'fc647d12-352a-4bc8-8b14-a8db7447565f', 'XXL'),
  ('3daf42d1-41de-4a93-917b-01de4ca8c2d1', '53903bec-9e0e-4172-a07d-63298b4ffbe2', '64GB'),
  ('5981f921-e2e3-425f-b98c-f78fb945c0e2', '53903bec-9e0e-4172-a07d-63298b4ffbe2', '128GB'),
  ('d12711bf-8155-4333-9f51-d7e342ef3757', '53903bec-9e0e-4172-a07d-63298b4ffbe2', '256GB'),
  ('44632c61-2013-4359-b4ec-f0dce7d3b552', '53903bec-9e0e-4172-a07d-63298b4ffbe2', '512GB'),
  ('5d411e9d-01f1-4cea-ae64-a4e272bbd8a7', '53903bec-9e0e-4172-a07d-63298b4ffbe2', '1TB'),
  ('76ba7536-3f86-4701-b524-f98c312ffe69', '51ae6464-4b57-40b0-ad05-43e26f2b738d', '8GB'),
  ('66fb27e8-f6de-4d81-94e8-e204d0ccd6a8', '51ae6464-4b57-40b0-ad05-43e26f2b738d', '16GB'),
  ('ded2fa49-49ba-4b69-afde-f853666a6594', '51ae6464-4b57-40b0-ad05-43e26f2b738d', '32GB'),
  ('7f01a973-00c5-4de9-bf99-1bbe56ce85d3', '51ae6464-4b57-40b0-ad05-43e26f2b738d', '64GB'),
  ('f4bebe72-7f73-4598-9034-0cb4036e6a62', 'a2864550-1d14-44a1-a650-f7653b5f0ab5', 'Cotton'),
  ('9575413a-651e-4371-b2b1-c14b0801a3ef', 'a2864550-1d14-44a1-a650-f7653b5f0ab5', 'Polyester'),
  ('1d694d0b-1440-4575-8802-fb45b1563f8e', 'a2864550-1d14-44a1-a650-f7653b5f0ab5', 'Leather'),
  ('fec645e7-b1ac-4d4f-9cd5-ce490ae66227', 'a2864550-1d14-44a1-a650-f7653b5f0ab5', 'Metal'),
  ('a8a0f592-9272-40e5-b82e-903e176bb992', 'a2864550-1d14-44a1-a650-f7653b5f0ab5', 'Plastic'),
  ('291ed69b-75ef-44a1-9939-095bdcc79ed9', '54566587-5a86-4bdd-869c-0cfa164ecc9f', '13"'),
  ('bd821613-a0f2-47e8-b58a-d94131cc5d32', '54566587-5a86-4bdd-869c-0cfa164ecc9f', '14"'),
  ('cbff69b1-cde3-4cb2-9641-7ae92a79f055', '54566587-5a86-4bdd-869c-0cfa164ecc9f', '15"'),
  ('ea623226-d7e2-4492-9ec6-872ae04c7421', '54566587-5a86-4bdd-869c-0cfa164ecc9f', '16"'),
  ('951d3563-165e-4283-8d53-23efda3c16ce', '54566587-5a86-4bdd-869c-0cfa164ecc9f', '24"'),
  ('c69e0360-61df-4f43-8e87-88d456a07606', '54566587-5a86-4bdd-869c-0cfa164ecc9f', '27"');

-- Inserting into products
INSERT INTO "public"."products" ("id", "title", "description", "category_id", "slug", "average_rating", "reviews_count") VALUES
  ('ee40d9bc-502f-4cf5-b75e-9e476bab40dd', 'Elegant Steel Chips', 'The Reactive discrete knowledge base Bike offers reliable performance and strange design', 'ba9eb327-8671-4a10-8fd1-867f5535701d', 'elegant-steel-chips-yr2j', 4.71, 41),
  ('1ec2afaf-1053-4fcd-88a0-84f49837f632', 'Unbranded Concrete Gloves', 'Innovative Keyboard featuring brilliant technology and Marble construction', 'e70c5948-d5dc-4012-9bbc-6350fd86975b', 'unbranded-concrete-gloves-Ejyk', 4.72, 240),
  ('b737f4cd-29ff-46e4-85b4-22e6a8e54cf5', 'Rustic Granite Bacon', 'Our bird-friendly Hat ensures worthwhile comfort for your pets', '7248a29f-f14e-4ec1-b542-5d92e477c883', 'rustic-granite-bacon-67zl', 4.6, 320),
  ('8dca5d62-0694-46cd-b83b-8c7ed35a1458', 'Luxurious Concrete Sausages', 'Experience the fuchsia brilliance of our Salad, perfect for soggy environments', 'f0f671b8-6ce2-4c80-91fd-b812a247c07b', 'luxurious-concrete-sausages-HLn2', 3.71, 422),
  ('3b13a3f0-6ba5-40b8-be5e-bfb2d5010e47', 'Fresh Gold Shoes', 'Featuring Rhodium-enhanced technology, our Shirt offers unparalleled devoted performance', 'ba9eb327-8671-4a10-8fd1-867f5535701d', 'fresh-gold-shoes-UqNN', 4.34, 172),
  ('16dd43ef-1b72-42b3-9262-49bdb7a4081d', 'Small Concrete Pizza', 'The Manley Table is the latest in a series of kooky products from Lueilwitz - Rosenbaum', '8f864a33-9ee7-4c2c-a8ca-9664e1961472', 'small-concrete-pizza-xgGN', 4.07, 144),
  ('2228410e-184f-4a90-8fdb-3926a3ce2333', 'Rustic Plastic Soap', 'Our bear-friendly Tuna ensures clueless comfort for your pets', '33f18346-4fa2-43c4-8a17-8993df3162b7', 'rustic-plastic-soap-eCgI', 4.95, 199),
  ('87698ae2-b395-4f43-a59c-fe4c85230e64', 'Intelligent Metal Keyboard', 'Stylish Pizza designed to make you stand out with avaricious looks', 'e70c5948-d5dc-4012-9bbc-6350fd86975b', 'intelligent-metal-keyboard-TmIh', 4.73, 129),
  ('6f4b7c68-3fb1-4646-8832-1102ebb51134', 'Handmade Marble Ball', 'Wuckert Group''s most advanced Table technology increases shy capabilities', 'f0f671b8-6ce2-4c80-91fd-b812a247c07b', 'handmade-marble-ball-yYd4', 4.96, 317),
  ('0572f152-64d3-499a-88b8-7b3a2840c741', 'Gorgeous Wooden Chair', 'Discover the flamingo-like agility of our Car, perfect for outlying users', '7b20137e-966b-4953-95ac-ba5549f63ef7', 'gorgeous-wooden-chair-8p1d', 4.68, 115),
  ('e8104c5e-28ad-4f6e-8ef8-cd9921d5ed94', 'Generic Marble Fish', 'New grey Towels with ergonomic design for hospitable comfort', '7248a29f-f14e-4ec1-b542-5d92e477c883', 'generic-marble-fish-0Is4', 3.84, 245),
  ('f18c169c-51eb-4409-8a2b-52dea7b7df5b', 'Tasty Granite Ball', 'The Ana Pizza is the latest in a series of enchanted products from Grant - Hessel', 'e70c5948-d5dc-4012-9bbc-6350fd86975b', 'tasty-granite-ball-ooWc', 4.02, 168),
  ('333ed5c6-5963-4cc3-b715-7afb0b580ce8', 'Incredible Wooden Gloves', 'Fantastic Car designed with Bamboo for expert performance', '8f864a33-9ee7-4c2c-a8ca-9664e1961472', 'incredible-wooden-gloves-kyyB', 3.72, 201),
  ('7b59f7ea-b9e1-47d9-996c-a4cd2f9f0abb', 'Handmade Steel Computer', 'Discover the sizzling new Shoes with an exciting mix of Concrete ingredients', '7248a29f-f14e-4ec1-b542-5d92e477c883', 'handmade-steel-computer-gCgU', 3.6, 23),
  ('f0e17326-2417-438f-9737-d700947cd5c4', 'Sleek Gold Mouse', 'Our tender-inspired Shoes brings a taste of luxury to your bruised lifestyle', 'f0f671b8-6ce2-4c80-91fd-b812a247c07b', 'sleek-gold-mouse-IYi9', 4.03, 286),
  ('7b70a8bb-4eae-46f9-a904-d5f23151d4ac', 'Luxurious Cotton Sausages', 'The sleek and sweet Sausages comes with blue LED lighting for smart functionality', '7248a29f-f14e-4ec1-b542-5d92e477c883', 'luxurious-cotton-sausages-z2SC', 3.95, 154),
  ('d586a18d-f0db-4e05-a1f9-ae0429d7517b', 'Ergonomic Aluminum Cheese', 'New Pants model with 44 GB RAM, 602 GB storage, and pleased features', '7b20137e-966b-4953-95ac-ba5549f63ef7', 'ergonomic-aluminum-cheese-FUti', 4.68, 297),
  ('9d79f01b-6cfd-4847-8e1a-c7d82c6a1421', 'Handmade Aluminum Chair', 'Innovative Shirt featuring other technology and Metal construction', '33f18346-4fa2-43c4-8a17-8993df3162b7', 'handmade-aluminum-chair-Bkg2', 4.86, 411),
  ('4b75343c-fb92-4313-9617-a357074fe585', 'Refined Gold Cheese', 'Innovative Sausages featuring diligent technology and Cotton construction', '8f864a33-9ee7-4c2c-a8ca-9664e1961472', 'refined-gold-cheese-63Md', 4.25, 234),
  ('f80fa3d5-98f5-41ad-bc4f-7926121fd121', 'Licensed Wooden Chair', 'Innovative Table featuring vibrant technology and Bronze construction', 'd2ab8234-2995-459a-a1d2-dcf61aa61e87', 'licensed-wooden-chair-V4IV', 3.66, 8),
  ('fcaedc36-7b23-4e17-8e46-42373e025178', 'Generic Silk Sausages', 'The Danial Hat is the latest in a series of perky products from Strosin, Bailey and Kris', '33f18346-4fa2-43c4-8a17-8993df3162b7', 'generic-silk-sausages-jd6J', 4.69, 487),
  ('ce9ab974-1e4f-4b9f-9d6a-71bd5c7bec33', 'Generic Metal Chicken', 'Innovative Towels featuring unruly technology and Wooden construction', '8f864a33-9ee7-4c2c-a8ca-9664e1961472', 'generic-metal-chicken-MANn', 3.98, 71),
  ('8c129022-8db0-4af3-88e0-e72df5141db7', 'Handmade Aluminum Ball', 'Stylish Chips designed to make you stand out with outlying looks', '8f864a33-9ee7-4c2c-a8ca-9664e1961472', 'handmade-aluminum-ball-qYMD', 3.8, 490),
  ('b9e87a3d-bb8e-4600-a54e-a8c830ddeadd', 'Fantastic Granite Mouse', 'Stylish Car designed to make you stand out with gleaming looks', '7b20137e-966b-4953-95ac-ba5549f63ef7', 'fantastic-granite-mouse-j6zz', 3.57, 224),
  ('29636d7c-459e-45d4-9440-128e5d1bc021', 'Oriental Cotton Chair', 'Innovative Sausages featuring immediate technology and Metal construction', '33f18346-4fa2-43c4-8a17-8993df3162b7', 'oriental-cotton-chair-MO10', 4.25, 144),
  ('5a7bbde6-526c-40fa-815d-3627105ac2c7', 'Luxurious Steel Chips', 'Our whale-friendly Tuna ensures pale comfort for your pets', '7248a29f-f14e-4ec1-b542-5d92e477c883', 'luxurious-steel-chips-v9fB', 4.66, 203),
  ('f5c45e1c-50ca-4312-beb6-32c7427e6fb2', 'Tasty Bronze Bacon', 'Innovative Cheese featuring well-off technology and Marble construction', '7248a29f-f14e-4ec1-b542-5d92e477c883', 'tasty-bronze-bacon-DQt2', 4.02, 495),
  ('5dca9f9d-9eb6-4cc2-b019-05a7fd057a6d', 'Rustic Silk Car', 'Nikolaus - Hyatt''s most advanced Chips technology increases subtle capabilities', '7248a29f-f14e-4ec1-b542-5d92e477c883', 'rustic-silk-car-s4CJ', 4.76, 482),
  ('9277fae5-078a-478f-bba4-2f778b36caa7', 'Ergonomic Ceramic Shoes', 'Small Bike designed with Aluminum for willing performance', '33f18346-4fa2-43c4-8a17-8993df3162b7', 'ergonomic-ceramic-shoes-RfHW', 4.89, 195),
  ('84e78e42-4e82-4301-9b2b-fc342f9220c3', 'Small Marble Towels', 'New Table model with 93 GB RAM, 959 GB storage, and similar features', '8f864a33-9ee7-4c2c-a8ca-9664e1961472', 'small-marble-towels-SVnY', 4.69, 151),
  ('eb63ecb3-739b-43c9-adf7-b6650a4dc2bd', 'Refined Rubber Chicken', 'Introducing the Cape Verde-inspired Bike, blending bogus style with local craftsmanship', 'e70c5948-d5dc-4012-9bbc-6350fd86975b', 'refined-rubber-chicken-2zdg', 4.65, 467),
  ('7cce3dbc-7c44-4443-83bd-cee3292f799b', 'Luxurious Cotton Chair', 'Our turtle-friendly Chips ensures assured comfort for your pets', '7b20137e-966b-4953-95ac-ba5549f63ef7', 'luxurious-cotton-chair-nJg5', 3.88, 147),
  ('13f163ec-1950-460f-aaac-77c9d7a08bbe', 'Luxurious Steel Soap', 'Discover the damp new Sausages with an exciting mix of Ceramic ingredients', 'ba9eb327-8671-4a10-8fd1-867f5535701d', 'luxurious-steel-soap-cTP1', 4.42, 381),
  ('12719d88-6b47-4031-9093-328ad9596427', 'Soft Bronze Gloves', 'Experience the lime brilliance of our Shirt, perfect for rich environments', '8f864a33-9ee7-4c2c-a8ca-9664e1961472', 'soft-bronze-gloves-pLVM', 4.36, 314),
  ('7cf42281-7005-4c39-adfd-40326dd10778', 'Modern Concrete Table', 'The Felicita Chicken is the latest in a series of prickly products from Runte - Ruecker', '7b20137e-966b-4953-95ac-ba5549f63ef7', 'modern-concrete-table-4yVJ', 4.63, 455),
  ('046fbfeb-bdef-4bbd-ab3b-3e0358d1a122', 'Elegant Bronze Hat', 'The Adaptive coherent architecture Pants offers reliable performance and gray design', '7b20137e-966b-4953-95ac-ba5549f63ef7', 'elegant-bronze-hat-tlkW', 3.65, 152),
  ('2bfb2cbf-c01b-4723-a1ec-76992c9a64f0', 'Oriental Rubber Towels', 'Welch Group''s most advanced Gloves technology increases shocked capabilities', '8f864a33-9ee7-4c2c-a8ca-9664e1961472', 'oriental-rubber-towels-EiLR', 4.47, 84),
  ('f3db3819-138f-419f-92b7-9bab90c3e998', 'Fresh Ceramic Tuna', 'Savor the rich essence in our Pizza, designed for yellowish culinary adventures', '33f18346-4fa2-43c4-8a17-8993df3162b7', 'fresh-ceramic-tuna-3xho', 3.94, 284),
  ('a6a878d0-f1ba-4cdd-a3bf-89861d9e7f77', 'Recycled Bronze Mouse', 'Discover the fox-like agility of our Pants, perfect for impressive users', 'd2ab8234-2995-459a-a1d2-dcf61aa61e87', 'recycled-bronze-mouse-eBzi', 4.61, 163),
  ('a0430054-978c-4634-9910-42b5218f9ce3', 'Luxurious Cotton Computer', 'New purple Mouse with ergonomic design for limited comfort', 'f0f671b8-6ce2-4c80-91fd-b812a247c07b', 'luxurious-cotton-computer-TXaj', 4.49, 403),
  ('5a3578b6-ec80-4145-b5e4-ac4ed84aa2f1', 'Modern Silk Bacon', 'Our moist-inspired Shirt brings a taste of luxury to your urban lifestyle', 'd2ab8234-2995-459a-a1d2-dcf61aa61e87', 'modern-silk-bacon-c216', 4.46, 148),
  ('ebcbacab-9070-44b2-af56-dee0aa19f243', 'Sleek Wooden Chips', 'Discover the flamingo-like agility of our Bike, perfect for impartial users', '7b20137e-966b-4953-95ac-ba5549f63ef7', 'sleek-wooden-chips-UhCJ', 4.5, 120),
  ('a26ec84b-aa82-41d7-9797-612fdfe168b8', 'Sleek Marble Car', 'Featuring Livermorium-enhanced technology, our Soap offers unparalleled entire performance', 'f0f671b8-6ce2-4c80-91fd-b812a247c07b', 'sleek-marble-car-5AAQ', 4.4, 240),
  ('d11dc01f-9471-4b07-87a6-6908d951006f', 'Practical Silk Shirt', 'Professional-grade Hat perfect for front training and recreational use', 'f0f671b8-6ce2-4c80-91fd-b812a247c07b', 'practical-silk-shirt-4W2A', 3.98, 210),
  ('9a735cd0-64ba-4660-af3d-49e36b4a8eb5', 'Intelligent Wooden Hat', 'Featuring Neon-enhanced technology, our Chicken offers unparalleled upright performance', 'e70c5948-d5dc-4012-9bbc-6350fd86975b', 'intelligent-wooden-hat-DyKp', 4.99, 12),
  ('143b4275-d61e-4445-8603-1a29127e77e1', 'Soft Steel Towels', 'The sleek and bossy Chicken comes with green LED lighting for smart functionality', 'd2ab8234-2995-459a-a1d2-dcf61aa61e87', 'soft-steel-towels-MPu6', 4.14, 202),
  ('87e43895-d631-4613-8a02-5c71ab8b3e70', 'Tasty Rubber Ball', 'Introducing the Ireland-inspired Towels, blending excitable style with local craftsmanship', '33f18346-4fa2-43c4-8a17-8993df3162b7', 'tasty-rubber-ball-AYe7', 3.97, 112),
  ('b2808e86-b155-48cb-bf31-57fcc79c266e', 'Sleek Bronze Pants', 'New fuchsia Fish with ergonomic design for powerless comfort', 'f0f671b8-6ce2-4c80-91fd-b812a247c07b', 'sleek-bronze-pants-H6Xl', 4.43, 342),
  ('c739e606-6c0d-4424-8fa5-335ba4259674', 'Licensed Bamboo Pizza', 'Experience the purple brilliance of our Shirt, perfect for oval environments', 'd2ab8234-2995-459a-a1d2-dcf61aa61e87', 'licensed-bamboo-pizza-aVFm', 3.77, 27),
  ('041a8f46-8a8d-45d1-9ee3-5101f4614c8b', 'Soft Wooden Bike', 'Ergonomic Pizza made with Wooden for all-day thick support', '8f864a33-9ee7-4c2c-a8ca-9664e1961472', 'soft-wooden-bike-OMNE', 4.28, 20);

-- Inserting into product_variants
INSERT INTO "public"."product_variants" ("id", "product_id", "name", "sku", "current_price", "old_price", "stock") VALUES
  ('7efce902-e7de-4057-b768-3e8a5f712ff1', 'ee40d9bc-502f-4cf5-b75e-9e476bab40dd', 'Standard', 'JTMQI27HB1', 1655.12, NULL, 70),
  ('02a5c1ab-7776-4ac7-a552-59b67925d91d', '1ec2afaf-1053-4fcd-88a0-84f49837f632', 'Standard', 'GPUYKITLJ0', 535.05, NULL, 12),
  ('808f7cbe-a2a9-42a9-844a-1da4629bc419', '1ec2afaf-1053-4fcd-88a0-84f49837f632', 'Refined', 'WAAOAYZHO0', 1802.59, 2163.11, 49),
  ('9843bdbc-c79c-4c20-aa6c-c63a890b41b4', '1ec2afaf-1053-4fcd-88a0-84f49837f632', 'Licensed', 'VDTUJIXRZA', 1535.25, 1842.3, 60),
  ('2644d53e-4fbf-4b4e-95df-2905bab738ab', 'b737f4cd-29ff-46e4-85b4-22e6a8e54cf5', 'Standard', 'HQ5WCRSSJY', 1691.58, NULL, 46),
  ('a3d23e3f-7eb9-4aa2-b99d-352fabcad669', 'b737f4cd-29ff-46e4-85b4-22e6a8e54cf5', 'Luxurious', 'CGLSJJVNUL', 1481.29, NULL, 95),
  ('2a09bf1d-9d8a-40b3-b36b-19f9e526dc5e', 'b737f4cd-29ff-46e4-85b4-22e6a8e54cf5', 'Electronic', 'G91DYZO2CE', 452.19, NULL, 2),
  ('2507663e-3866-4859-a310-311650b334e2', '8dca5d62-0694-46cd-b83b-8c7ed35a1458', 'Standard', 'FKFA2RRPJJ', 523.25, NULL, 146),
  ('dfff4a1b-626f-4cb2-bca1-ee3d25dfbd7d', '8dca5d62-0694-46cd-b83b-8c7ed35a1458', 'Fantastic', 'CCFSBUDBHB', 768.45, 922.14, 86),
  ('bf2f24b1-da11-43f1-9f47-2adbf75c67e3', '3b13a3f0-6ba5-40b8-be5e-bfb2d5010e47', 'Standard', '06WHHJ4P2B', 603.49, 724.19, 102),
  ('032d7deb-3a13-4716-ac71-3f575c115614', '3b13a3f0-6ba5-40b8-be5e-bfb2d5010e47', 'Ergonomic', 'QTXH3PYV8S', 441.89, NULL, 41),
  ('8c70d4a0-35fe-4c6a-8d48-6a8fe8a420fe', '16dd43ef-1b72-42b3-9262-49bdb7a4081d', 'Standard', '3DZSN51M4F', 964.35, NULL, 120),
  ('16f85d1c-d1af-4334-9053-b1a3c03f37f5', '16dd43ef-1b72-42b3-9262-49bdb7a4081d', 'Oriental', 'TWEVSMHEH9', 1708.35, NULL, 132),
  ('3f4617f9-0385-4098-9821-5a1afa9f49f6', '2228410e-184f-4a90-8fdb-3926a3ce2333', 'Standard', 'D5JUFRUU6J', 60.89, NULL, 114),
  ('98333cd5-14c7-41aa-b13b-abeb7a1845b1', '2228410e-184f-4a90-8fdb-3926a3ce2333', 'Fresh', 'E67AKV5R4Q', 1318.27, NULL, 100),
  ('9a9e1782-8a29-4509-94ee-78d5784009cb', '2228410e-184f-4a90-8fdb-3926a3ce2333', 'Rustic', '68RJYGA7GT', 1181.05, NULL, 0),
  ('38985e45-aca4-4691-a38b-f79618f89a36', '87698ae2-b395-4f43-a59c-fe4c85230e64', 'Standard', 'UFMHTY0YDQ', 1454.09, NULL, 90),
  ('0cd314c6-030d-4fd4-b68f-0ef85fae7729', '6f4b7c68-3fb1-4646-8832-1102ebb51134', 'Standard', 'GDVGYVKCTT', 752.35, NULL, 9),
  ('71a549db-c385-4614-9f81-259674b9c0a3', '6f4b7c68-3fb1-4646-8832-1102ebb51134', 'Practical', 'OUPDENKFEU', 88.85, NULL, 42),
  ('d9e40a48-d9a4-40f1-aa27-050beec56296', '0572f152-64d3-499a-88b8-7b3a2840c741', 'Standard', '4QQES0VRIS', 1604.59, NULL, 147),
  ('3e5531fa-d513-4ab1-9a5d-1cf125208c91', 'e8104c5e-28ad-4f6e-8ef8-cd9921d5ed94', 'Standard', 'BUB8ZL3C2X', 1493.69, 1792.43, 78),
  ('4c24d72e-2f84-4d2f-8bdd-2fca7398e13c', 'f18c169c-51eb-4409-8a2b-52dea7b7df5b', 'Standard', '2DYWJR6253', 1782.25, NULL, 22),
  ('520d0021-6c44-4489-bdc7-e4c128cf8333', 'f18c169c-51eb-4409-8a2b-52dea7b7df5b', 'Soft', 'OFRO6JNKWY', 919.95, 1103.94, 138),
  ('b97b3ad0-5fc4-4926-941e-a67fb5003e0d', 'f18c169c-51eb-4409-8a2b-52dea7b7df5b', 'Incredible', 'NVFNULYYFL', 841.29, NULL, 18),
  ('c0898125-b6ae-4131-b6f2-c36a5d26efbc', '333ed5c6-5963-4cc3-b715-7afb0b580ce8', 'Standard', 'VY7MG9XZMU', 1719.82, NULL, 23),
  ('a26aaff9-0078-4f40-846f-8f67b7245cc4', '333ed5c6-5963-4cc3-b715-7afb0b580ce8', 'Elegant', 'SDPSR0F08Q', 507.94, NULL, 54),
  ('f78f64b3-d676-4111-bd21-c10718403cd8', '7b59f7ea-b9e1-47d9-996c-a4cd2f9f0abb', 'Standard', 'CQ5IUR8EEB', 1721.95, 2066.34, 36),
  ('9b8b1e62-e49f-4350-b97f-dd6374cce2a6', '7b59f7ea-b9e1-47d9-996c-a4cd2f9f0abb', 'Awesome', '7KJ4OSXHW1', 332.3, 398.76, 16),
  ('fbca1540-2a7c-4e81-a1cd-dd2e13a0d3e3', '7b59f7ea-b9e1-47d9-996c-a4cd2f9f0abb', 'Luxurious', 'CDGNEQXKRU', 133.05, 159.66, 85),
  ('5cceea5e-6319-4618-96d4-8df3d2518c2b', 'f0e17326-2417-438f-9737-d700947cd5c4', 'Standard', '0DUV6OSVHG', 1592.99, NULL, 3),
  ('0c92c6f7-1e74-40ff-af6a-2032a59e9976', 'f0e17326-2417-438f-9737-d700947cd5c4', 'Luxurious', 'XJQKLECCL9', 82.8, 99.36, 6),
  ('a1698733-6cfd-4fd3-9ea6-95285b7d1fb1', 'f0e17326-2417-438f-9737-d700947cd5c4', 'Handcrafted', '4WQRGOZ3TH', 1694.25, 2033.1, 53),
  ('e93b8e05-c53b-441e-b61e-e8b5bf9e83b6', '7b70a8bb-4eae-46f9-a904-d5f23151d4ac', 'Standard', '8SPW8UJNWT', 625.15, NULL, 129),
  ('18c4e0de-d157-499d-a7c2-c3c5d13482ed', '7b70a8bb-4eae-46f9-a904-d5f23151d4ac', 'Bespoke', 'OGMJFEKVUZ', 1279.73, NULL, 89),
  ('fb37e243-1ad4-461f-b670-c281df0af0e4', 'd586a18d-f0db-4e05-a1f9-ae0429d7517b', 'Standard', 'IK3JOUK0RI', 184.65, NULL, 16),
  ('db44f545-9b68-4a68-a07b-ddf9d857166c', '9d79f01b-6cfd-4847-8e1a-c7d82c6a1421', 'Standard', 'F3JAICCKSG', 1966.99, NULL, 94),
  ('7da14fbe-ccee-41ef-873d-a6a09b2bf20d', '9d79f01b-6cfd-4847-8e1a-c7d82c6a1421', 'Refined', 'NC55Z26F8T', 32.89, NULL, 48),
  ('619dfe48-9c3a-43cb-bf30-2be7e2e286c2', '4b75343c-fb92-4313-9617-a357074fe585', 'Standard', 'RNSN46IXR4', 1457.49, NULL, 99),
  ('be3a8f1b-6fdb-4454-9604-b6bf6c0122f5', 'f80fa3d5-98f5-41ad-bc4f-7926121fd121', 'Standard', 'J8MXDPRUAL', 676, 811.2, 107),
  ('96432d3f-4070-4944-82ec-1784280d6cbe', 'f80fa3d5-98f5-41ad-bc4f-7926121fd121', 'Licensed', '9CYPQX6ER3', 1792.95, NULL, 79),
  ('50fdc48a-4c0e-4878-8d67-1dc6c6bfdcac', 'fcaedc36-7b23-4e17-8e46-42373e025178', 'Standard', 'S3GQ7UACOY', 1479.15, NULL, 3),
  ('75ba3aa6-354b-487a-a13b-b186971fa08e', 'fcaedc36-7b23-4e17-8e46-42373e025178', 'Practical', 'L9MLJC0DXU', 278.69, 334.43, 45),
  ('cb88f1a1-5807-4324-ad65-9c06bd62f64f', 'ce9ab974-1e4f-4b9f-9d6a-71bd5c7bec33', 'Standard', 'OTZ5GPADDE', 1992.69, NULL, 7),
  ('5421b1b3-87a4-490f-8bb3-5d203d6588c8', '8c129022-8db0-4af3-88e0-e72df5141db7', 'Standard', 'NFZ9BZNG7F', 1552.59, NULL, 145),
  ('f75daf1b-acdf-45fc-b77a-7b9e183c025e', 'b9e87a3d-bb8e-4600-a54e-a8c830ddeadd', 'Standard', 'SMF1SI0906', 1618.45, NULL, 113),
  ('76fe65ca-a3f7-427d-bf53-f17b754440bb', '29636d7c-459e-45d4-9440-128e5d1bc021', 'Standard', 'OYCTD2JTQ6', 290.4, NULL, 91),
  ('23129c71-be9b-4716-97a6-8bf114d83681', '5a7bbde6-526c-40fa-815d-3627105ac2c7', 'Standard', 'MSIRDTL532', 64.69, 77.63, 92),
  ('0771759b-9947-45e9-a058-f5a838fe00fc', '5a7bbde6-526c-40fa-815d-3627105ac2c7', 'Tasty', 'GJE6ALBRYG', 863.79, 1036.55, 100),
  ('753d8418-f6ed-42e9-bc27-6311c4f98302', 'f5c45e1c-50ca-4312-beb6-32c7427e6fb2', 'Standard', 'TYBX4LJP96', 1484.35, 1781.22, 115),
  ('f55f53cf-b377-4c0a-b19b-9749d13276dd', '5dca9f9d-9eb6-4cc2-b019-05a7fd057a6d', 'Standard', '116S7ITYWX', 1788.49, NULL, 30),
  ('e89f9870-e04d-43c4-9baa-faf931b228d6', '9277fae5-078a-478f-bba4-2f778b36caa7', 'Standard', '1OXOJSMDC7', 983.55, NULL, 136),
  ('fdc21a3f-016d-47bf-88d6-1e7048deae5f', '9277fae5-078a-478f-bba4-2f778b36caa7', 'Handcrafted', 'GBQAAZ3ZY0', 349.99, NULL, 84),
  ('97fdf797-aa06-4c63-95f2-608a666e27da', '84e78e42-4e82-4301-9b2b-fc342f9220c3', 'Standard', 'DGWEPZH9FC', 1951.15, 2341.38, 17),
  ('c1961c3e-5e05-4aea-bf12-a4e582a13f8a', '84e78e42-4e82-4301-9b2b-fc342f9220c3', 'Awesome', 'RUC7ZHVODI', 510.09, NULL, 3),
  ('c679a7a5-94d8-4754-8475-43d02fb6685d', '84e78e42-4e82-4301-9b2b-fc342f9220c3', 'Bespoke', 'ZGRYNDFH3S', 1150.05, NULL, 88),
  ('ffc3a072-b78e-4555-bcd6-e6e2f3e00484', 'eb63ecb3-739b-43c9-adf7-b6650a4dc2bd', 'Standard', 'SQVXLSO3EW', 699.09, 838.91, 30),
  ('36869419-c93d-4a75-b8c3-8baedebd59c3', 'eb63ecb3-739b-43c9-adf7-b6650a4dc2bd', 'Fresh', 'SLOWTKMBJA', 1457.99, NULL, 9),
  ('010d6610-c8b5-4aa4-ae40-fb5814b78660', 'eb63ecb3-739b-43c9-adf7-b6650a4dc2bd', 'Modern', 'RYID0D1LTS', 148.29, NULL, 93),
  ('b28dc7bb-c95c-43ab-b24d-fcbd104c98f2', '7cce3dbc-7c44-4443-83bd-cee3292f799b', 'Standard', 'KE6O0SXLBP', 1135.35, NULL, 105),
  ('f1a46f61-6620-44e1-bf06-c1e9662b6072', '13f163ec-1950-460f-aaac-77c9d7a08bbe', 'Standard', '2LUWVTAKTM', 1463.45, NULL, 2),
  ('a7cbf8f8-c2cf-4497-862a-1b5d1eaf2289', '13f163ec-1950-460f-aaac-77c9d7a08bbe', 'Small', 'SMPPFPE1KC', 1153.59, NULL, 38),
  ('27cd5066-35dd-49d3-b538-160145d90773', '13f163ec-1950-460f-aaac-77c9d7a08bbe', 'Generic', 'D8WWQLDXZL', 1463.09, NULL, 49),
  ('b755e961-f9cb-4f7f-9d11-e3137d2fcc9f', '12719d88-6b47-4031-9093-328ad9596427', 'Standard', 'NTBYSWY5NC', 1745.69, NULL, 66),
  ('0308176f-300b-4ed4-9a8d-1d32f1158b8d', '7cf42281-7005-4c39-adfd-40326dd10778', 'Standard', 'CWG0ONX25X', 511.25, NULL, 26),
  ('110ee1be-a882-4494-8b89-62cfbd70529d', '7cf42281-7005-4c39-adfd-40326dd10778', 'Soft', 'TZDSBO4NWV', 816.35, NULL, 77),
  ('293b4ad7-4ec5-4bd2-bac9-df2d820b2dc8', '046fbfeb-bdef-4bbd-ab3b-3e0358d1a122', 'Standard', 'PAZMWYYLE1', 824.59, NULL, 133),
  ('0cabd2fd-fbc4-48b0-8e95-2354db26f6c1', '046fbfeb-bdef-4bbd-ab3b-3e0358d1a122', 'Soft', 'WTKLXSOSOB', 604.49, NULL, 80),
  ('fd444ba6-b326-449c-a8a3-717269103d58', '046fbfeb-bdef-4bbd-ab3b-3e0358d1a122', 'Recycled', 'JC5LMRLDEK', 120.95, 145.14, 74),
  ('ca143d85-1ed7-4eba-94d8-e0069b33962d', '2bfb2cbf-c01b-4723-a1ec-76992c9a64f0', 'Standard', 'EW1Z3F8M5O', 1564.29, 1877.15, 21),
  ('81264159-51ff-4913-b4f1-2dcf134532d9', 'f3db3819-138f-419f-92b7-9bab90c3e998', 'Standard', 'YN1C0QI67J', 1659.09, 1990.91, 92),
  ('3f398b5b-3a1f-4007-a76c-a1b57c87815b', 'f3db3819-138f-419f-92b7-9bab90c3e998', 'Practical', 'V5PKLOZCFF', 1948.79, 2338.55, 148),
  ('77c2c5e5-312d-4d3e-8b84-9538523a6ab5', 'a6a878d0-f1ba-4cdd-a3bf-89861d9e7f77', 'Standard', 'JUU1QSNV3M', 1203.59, NULL, 46),
  ('6db7bfd1-95fc-419e-9646-cd8663b3d20d', 'a6a878d0-f1ba-4cdd-a3bf-89861d9e7f77', 'Sleek', '09QA6AIOE4', 22.25, NULL, 111),
  ('c2e8935c-732d-4003-a73e-774de673d56f', 'a6a878d0-f1ba-4cdd-a3bf-89861d9e7f77', 'Elegant', 'GZCIDLI6BN', 813.46, NULL, 29),
  ('72065bc9-0bc4-4d52-9f40-74ffa97bc7fe', 'a0430054-978c-4634-9910-42b5218f9ce3', 'Standard', '2RIBZTW5YO', 22.7, NULL, 98),
  ('f8a68d82-f9ef-45ab-b204-db627f468f06', 'a0430054-978c-4634-9910-42b5218f9ce3', 'Fresh', 'GEQNJTH5JF', 815.15, 978.18, 68),
  ('beacf324-a61a-48c2-8798-8df128fe6b01', 'a0430054-978c-4634-9910-42b5218f9ce3', 'Fantastic', '61WYBVJVN5', 552.45, NULL, 53),
  ('5fa63739-1f87-4356-97b1-2199eeab0d5e', '5a3578b6-ec80-4145-b5e4-ac4ed84aa2f1', 'Standard', 'YASXJWUDWT', 1387.99, NULL, 110),
  ('df63a60a-59a4-439e-8189-8b897f8be2e5', 'ebcbacab-9070-44b2-af56-dee0aa19f243', 'Standard', 'NEFEGPD6P1', 1752.99, NULL, 66),
  ('a34d7d55-0d98-41f2-8329-a8b5a0d0418e', 'a26ec84b-aa82-41d7-9797-612fdfe168b8', 'Standard', 'QXMIGFAOBI', 1063.15, 1275.78, 88),
  ('3634f027-c393-4e11-a116-0c1c8c1a251c', 'a26ec84b-aa82-41d7-9797-612fdfe168b8', 'Rustic', 'ILXTXLXAEE', 177.49, NULL, 150),
  ('ad9e6f32-76d0-481a-a3de-8e1eec903e04', 'a26ec84b-aa82-41d7-9797-612fdfe168b8', 'Bespoke', 'L3PKINGBOA', 903.39, 1084.07, 52),
  ('53a2f1b6-1d0b-4370-b572-fed1c65862d5', 'd11dc01f-9471-4b07-87a6-6908d951006f', 'Standard', 'ZVO6SOIIBN', 1118.7, NULL, 14),
  ('ee70f1e1-c791-4c25-bd91-42b2f86130ab', 'd11dc01f-9471-4b07-87a6-6908d951006f', 'Licensed', 'PAWTMAYMYI', 1555.75, 1866.9, 47),
  ('a222e0de-4b13-45e0-9a39-7ddf1a6e139f', 'd11dc01f-9471-4b07-87a6-6908d951006f', 'Frozen', 'FM2BRIYJQW', 241.09, NULL, 118),
  ('06933c87-80c8-4d07-af85-8cceb876d397', '9a735cd0-64ba-4660-af3d-49e36b4a8eb5', 'Standard', 'SWCTC3NYNO', 1427.95, NULL, 11),
  ('1f21e3f0-0e71-4646-a5d5-6e46cd32d021', '143b4275-d61e-4445-8603-1a29127e77e1', 'Standard', '0GS6SUL7OZ', 835.75, NULL, 24),
  ('0635dfca-6190-44ff-89c1-ccce79907af7', '87e43895-d631-4613-8a02-5c71ab8b3e70', 'Standard', '6HP2BMTXYB', 1951.15, NULL, 39),
  ('c8287438-ae43-48bf-96b8-739b0c8a42d0', 'b2808e86-b155-48cb-bf31-57fcc79c266e', 'Standard', 'XSKEWWPT1L', 919.35, 1103.22, 132),
  ('d4fa6d1d-99dc-48d1-8339-9b0dbb0e4d3d', 'b2808e86-b155-48cb-bf31-57fcc79c266e', 'Unbranded', 'RL7OCPNQZN', 1253.2, 1503.84, 128),
  ('fa72b8a4-2be9-4db3-8824-6a605a0d0daa', 'b2808e86-b155-48cb-bf31-57fcc79c266e', 'Electronic', '0ZIVCYH68E', 305.39, NULL, 82),
  ('c36a8893-aa36-44c7-bff5-1622444db351', 'c739e606-6c0d-4424-8fa5-335ba4259674', 'Standard', 'E7SUHTCPEZ', 1608.49, NULL, 40),
  ('ac9aa43d-c37d-41a8-b324-a1abbaf3bcc1', 'c739e606-6c0d-4424-8fa5-335ba4259674', 'Unbranded', 'EQMTK14F5T', 337.39, 404.87, 44),
  ('7ebc5f1e-557b-43aa-9cdc-50cdd12a8177', 'c739e606-6c0d-4424-8fa5-335ba4259674', 'Rustic', '8CIXDWSS1X', 1774.14, NULL, 36),
  ('dc285b74-0da4-4000-92d8-bc2f62ffbdcb', '041a8f46-8a8d-45d1-9ee3-5101f4614c8b', 'Standard', 'WNK3DJSN8L', 1201.65, NULL, 8),
  ('9728d8fd-272d-450c-a156-611c736adc3b', '041a8f46-8a8d-45d1-9ee3-5101f4614c8b', 'Bespoke', 'YIEYRYTLN3', 230.89, NULL, 21),
  ('644d62c7-d16b-4966-9984-c9e645d0b4bf', '041a8f46-8a8d-45d1-9ee3-5101f4614c8b', 'Luxurious', 'NBIIDSAB4P', 506.05, NULL, 43);

-- Inserting into product_images
INSERT INTO "public"."product_images" ("id", "variant_id", "url", "alt", "position") VALUES
  ('a58a10a0-0e8b-46a0-ab8a-990c94ebffbd', '7efce902-e7de-4057-b768-3e8a5f712ff1', 'https://picsum.photos/seed/7efce902-e7de-4057-b768-3e8a5f712ff1-0/800/800', 'Fresh Aluminum Chicken image', 0),
  ('e041d9a3-4be0-4aa2-8682-eb0f85b8e9b3', '7efce902-e7de-4057-b768-3e8a5f712ff1', 'https://picsum.photos/seed/7efce902-e7de-4057-b768-3e8a5f712ff1-1/800/800', 'Awesome Gold Keyboard image', 1),
  ('565c5bb8-76ef-4770-93ef-e2d0fd9cb599', '02a5c1ab-7776-4ac7-a552-59b67925d91d', 'https://picsum.photos/seed/02a5c1ab-7776-4ac7-a552-59b67925d91d-0/800/800', 'Intelligent Cotton Cheese image', 0),
  ('e0bb1085-c3bf-4029-8dff-c98499a6d36d', '808f7cbe-a2a9-42a9-844a-1da4629bc419', 'https://picsum.photos/seed/808f7cbe-a2a9-42a9-844a-1da4629bc419-0/800/800', 'Rustic Gold Tuna image', 0),
  ('46d8d888-9cb3-44c2-91e5-491a25225c61', '808f7cbe-a2a9-42a9-844a-1da4629bc419', 'https://picsum.photos/seed/808f7cbe-a2a9-42a9-844a-1da4629bc419-1/800/800', 'Bespoke Granite Fish image', 1),
  ('c5488bce-bd15-441f-a208-5d99bdb77723', '9843bdbc-c79c-4c20-aa6c-c63a890b41b4', 'https://picsum.photos/seed/9843bdbc-c79c-4c20-aa6c-c63a890b41b4-0/800/800', 'Electronic Rubber Shirt image', 0),
  ('2351814c-e4de-4fad-9d52-a86889be90eb', '9843bdbc-c79c-4c20-aa6c-c63a890b41b4', 'https://picsum.photos/seed/9843bdbc-c79c-4c20-aa6c-c63a890b41b4-1/800/800', 'Refined Metal Sausages image', 1),
  ('9bead253-86a4-4e4b-a73f-c654ae2d096b', '2644d53e-4fbf-4b4e-95df-2905bab738ab', 'https://picsum.photos/seed/2644d53e-4fbf-4b4e-95df-2905bab738ab-0/800/800', 'Frozen Silk Car image', 0),
  ('a3858a26-cd26-4de7-84b4-ebd5e2edb5dd', '2644d53e-4fbf-4b4e-95df-2905bab738ab', 'https://picsum.photos/seed/2644d53e-4fbf-4b4e-95df-2905bab738ab-1/800/800', 'Fresh Gold Cheese image', 1),
  ('286692fc-0923-4b0c-8faa-1ee45d143e63', '2644d53e-4fbf-4b4e-95df-2905bab738ab', 'https://picsum.photos/seed/2644d53e-4fbf-4b4e-95df-2905bab738ab-2/800/800', 'Gorgeous Aluminum Car image', 2),
  ('9f9e9d0b-064e-40cd-8abb-f40dfa6285ad', 'a3d23e3f-7eb9-4aa2-b99d-352fabcad669', 'https://picsum.photos/seed/a3d23e3f-7eb9-4aa2-b99d-352fabcad669-0/800/800', 'Sleek Silk Pants image', 0),
  ('12b4869b-fbbc-4862-8f55-c17e77ba7fe7', 'a3d23e3f-7eb9-4aa2-b99d-352fabcad669', 'https://picsum.photos/seed/a3d23e3f-7eb9-4aa2-b99d-352fabcad669-1/800/800', 'Rustic Bamboo Tuna image', 1),
  ('d7a44f7f-8e45-4357-bde6-d3480515919e', '2a09bf1d-9d8a-40b3-b36b-19f9e526dc5e', 'https://picsum.photos/seed/2a09bf1d-9d8a-40b3-b36b-19f9e526dc5e-0/800/800', 'Frozen Concrete Towels image', 0),
  ('19af3925-4415-415c-a4ae-911c1a88cb04', '2a09bf1d-9d8a-40b3-b36b-19f9e526dc5e', 'https://picsum.photos/seed/2a09bf1d-9d8a-40b3-b36b-19f9e526dc5e-1/800/800', 'Tasty Cotton Chair image', 1),
  ('93adff02-dcf1-4413-840d-b553db1d506b', '2507663e-3866-4859-a310-311650b334e2', 'https://picsum.photos/seed/2507663e-3866-4859-a310-311650b334e2-0/800/800', 'Generic Wooden Sausages image', 0),
  ('61c2158d-30a4-4e06-98e1-6749b08b3426', '2507663e-3866-4859-a310-311650b334e2', 'https://picsum.photos/seed/2507663e-3866-4859-a310-311650b334e2-1/800/800', 'Sleek Steel Table image', 1),
  ('443e8ad8-93a9-450a-8b0a-cf2d701e1688', '2507663e-3866-4859-a310-311650b334e2', 'https://picsum.photos/seed/2507663e-3866-4859-a310-311650b334e2-2/800/800', 'Fresh Bronze Chips image', 2),
  ('6a4064c1-2636-48e3-8875-1d6cff762bcf', 'dfff4a1b-626f-4cb2-bca1-ee3d25dfbd7d', 'https://picsum.photos/seed/dfff4a1b-626f-4cb2-bca1-ee3d25dfbd7d-0/800/800', 'Gorgeous Silk Fish image', 0),
  ('00f0127c-b5d9-428a-990e-8ff699d1407b', 'dfff4a1b-626f-4cb2-bca1-ee3d25dfbd7d', 'https://picsum.photos/seed/dfff4a1b-626f-4cb2-bca1-ee3d25dfbd7d-1/800/800', 'Refined Cotton Mouse image', 1),
  ('80652c5c-1b22-4f0b-8a7e-d9fa27f2cc3f', 'dfff4a1b-626f-4cb2-bca1-ee3d25dfbd7d', 'https://picsum.photos/seed/dfff4a1b-626f-4cb2-bca1-ee3d25dfbd7d-2/800/800', 'Electronic Granite Soap image', 2),
  ('c5a7bad8-7cfc-437a-a17a-a65710acc137', 'bf2f24b1-da11-43f1-9f47-2adbf75c67e3', 'https://picsum.photos/seed/bf2f24b1-da11-43f1-9f47-2adbf75c67e3-0/800/800', 'Handcrafted Ceramic Bacon image', 0),
  ('e8399729-942f-4c3a-964f-4e5adf076e41', 'bf2f24b1-da11-43f1-9f47-2adbf75c67e3', 'https://picsum.photos/seed/bf2f24b1-da11-43f1-9f47-2adbf75c67e3-1/800/800', 'Handcrafted Wooden Bike image', 1),
  ('c1b9be2c-4bd6-4baf-bcbb-736578443537', '032d7deb-3a13-4716-ac71-3f575c115614', 'https://picsum.photos/seed/032d7deb-3a13-4716-ac71-3f575c115614-0/800/800', 'Modern Rubber Sausages image', 0),
  ('903a326d-f631-4237-b83a-8fd27002ad42', '032d7deb-3a13-4716-ac71-3f575c115614', 'https://picsum.photos/seed/032d7deb-3a13-4716-ac71-3f575c115614-1/800/800', 'Luxurious Bamboo Pizza image', 1),
  ('91974ccb-4344-49cf-8129-972abe63ed0f', '8c70d4a0-35fe-4c6a-8d48-6a8fe8a420fe', 'https://picsum.photos/seed/8c70d4a0-35fe-4c6a-8d48-6a8fe8a420fe-0/800/800', 'Frozen Marble Chair image', 0),
  ('ed08fdb5-fe79-4f5e-8414-6f4770e753dd', '8c70d4a0-35fe-4c6a-8d48-6a8fe8a420fe', 'https://picsum.photos/seed/8c70d4a0-35fe-4c6a-8d48-6a8fe8a420fe-1/800/800', 'Rustic Wooden Chair image', 1),
  ('698b242b-ff08-4a7b-80a1-019cec2c4c37', '8c70d4a0-35fe-4c6a-8d48-6a8fe8a420fe', 'https://picsum.photos/seed/8c70d4a0-35fe-4c6a-8d48-6a8fe8a420fe-2/800/800', 'Intelligent Bronze Keyboard image', 2),
  ('897e0a0e-a037-4326-baae-96fcff53e03e', '16f85d1c-d1af-4334-9053-b1a3c03f37f5', 'https://picsum.photos/seed/16f85d1c-d1af-4334-9053-b1a3c03f37f5-0/800/800', 'Soft Granite Mouse image', 0),
  ('2d6b548d-57cb-4a4a-aa80-e40bf9e8421e', '16f85d1c-d1af-4334-9053-b1a3c03f37f5', 'https://picsum.photos/seed/16f85d1c-d1af-4334-9053-b1a3c03f37f5-1/800/800', 'Awesome Bronze Chicken image', 1),
  ('439a1d98-f2da-4888-9e06-6b9786864382', '3f4617f9-0385-4098-9821-5a1afa9f49f6', 'https://picsum.photos/seed/3f4617f9-0385-4098-9821-5a1afa9f49f6-0/800/800', 'Handcrafted Steel Computer image', 0),
  ('e7a75004-8ce8-449e-ba6f-6159ff4895c7', '98333cd5-14c7-41aa-b13b-abeb7a1845b1', 'https://picsum.photos/seed/98333cd5-14c7-41aa-b13b-abeb7a1845b1-0/800/800', 'Handcrafted Steel Fish image', 0),
  ('3ed7734e-76dc-4fe7-8439-618a3ae9a7d1', '98333cd5-14c7-41aa-b13b-abeb7a1845b1', 'https://picsum.photos/seed/98333cd5-14c7-41aa-b13b-abeb7a1845b1-1/800/800', 'Electronic Gold Bike image', 1),
  ('43422fb0-d887-49b1-9370-bf3e15831e6b', '98333cd5-14c7-41aa-b13b-abeb7a1845b1', 'https://picsum.photos/seed/98333cd5-14c7-41aa-b13b-abeb7a1845b1-2/800/800', 'Handmade Cotton Gloves image', 2),
  ('81077c83-a617-45f1-b0f1-d6cc49939d31', '9a9e1782-8a29-4509-94ee-78d5784009cb', 'https://picsum.photos/seed/9a9e1782-8a29-4509-94ee-78d5784009cb-0/800/800', 'Gorgeous Concrete Cheese image', 0),
  ('6376f8d7-b229-4c55-a97c-5c11f5d373ae', '9a9e1782-8a29-4509-94ee-78d5784009cb', 'https://picsum.photos/seed/9a9e1782-8a29-4509-94ee-78d5784009cb-1/800/800', 'Unbranded Ceramic Mouse image', 1),
  ('5faa3f30-310c-4020-947c-d1a81bbac6f6', '38985e45-aca4-4691-a38b-f79618f89a36', 'https://picsum.photos/seed/38985e45-aca4-4691-a38b-f79618f89a36-0/800/800', 'Frozen Bronze Salad image', 0),
  ('0dabd0db-81ec-4df4-b274-425e6faad873', '38985e45-aca4-4691-a38b-f79618f89a36', 'https://picsum.photos/seed/38985e45-aca4-4691-a38b-f79618f89a36-1/800/800', 'Fantastic Granite Pants image', 1),
  ('ebc2a583-efe8-4984-9510-ea24798a8e19', '0cd314c6-030d-4fd4-b68f-0ef85fae7729', 'https://picsum.photos/seed/0cd314c6-030d-4fd4-b68f-0ef85fae7729-0/800/800', 'Modern Ceramic Towels image', 0),
  ('21bd3237-8eee-4de1-b5d7-09205bf50511', '0cd314c6-030d-4fd4-b68f-0ef85fae7729', 'https://picsum.photos/seed/0cd314c6-030d-4fd4-b68f-0ef85fae7729-1/800/800', 'Frozen Granite Cheese image', 1),
  ('1dbd7a77-f195-46cd-9f6d-e9ef0a37566d', '0cd314c6-030d-4fd4-b68f-0ef85fae7729', 'https://picsum.photos/seed/0cd314c6-030d-4fd4-b68f-0ef85fae7729-2/800/800', 'Luxurious Bamboo Cheese image', 2),
  ('f549defa-291e-4089-9dd0-4c68342a32b0', '71a549db-c385-4614-9f81-259674b9c0a3', 'https://picsum.photos/seed/71a549db-c385-4614-9f81-259674b9c0a3-0/800/800', 'Incredible Concrete Gloves image', 0),
  ('fed3691c-acf8-4ff9-afb6-d070ce6104d0', '71a549db-c385-4614-9f81-259674b9c0a3', 'https://picsum.photos/seed/71a549db-c385-4614-9f81-259674b9c0a3-1/800/800', 'Elegant Steel Chair image', 1),
  ('8724e58d-d5f0-4aad-8ca1-db0f263845eb', '71a549db-c385-4614-9f81-259674b9c0a3', 'https://picsum.photos/seed/71a549db-c385-4614-9f81-259674b9c0a3-2/800/800', 'Frozen Ceramic Chips image', 2),
  ('8cedba34-1325-4954-b5ab-b980ac465671', 'd9e40a48-d9a4-40f1-aa27-050beec56296', 'https://picsum.photos/seed/d9e40a48-d9a4-40f1-aa27-050beec56296-0/800/800', 'Awesome Bronze Shoes image', 0),
  ('c56ac9c5-b79d-4d95-843a-7dfd9aed2b72', '3e5531fa-d513-4ab1-9a5d-1cf125208c91', 'https://picsum.photos/seed/3e5531fa-d513-4ab1-9a5d-1cf125208c91-0/800/800', 'Recycled Metal Cheese image', 0),
  ('c33545c3-e9c4-4796-a101-bf6b3444df97', '3e5531fa-d513-4ab1-9a5d-1cf125208c91', 'https://picsum.photos/seed/3e5531fa-d513-4ab1-9a5d-1cf125208c91-1/800/800', 'Practical Steel Pants image', 1),
  ('145b1ddb-5d59-4681-85c0-51b541dd6131', '4c24d72e-2f84-4d2f-8bdd-2fca7398e13c', 'https://picsum.photos/seed/4c24d72e-2f84-4d2f-8bdd-2fca7398e13c-0/800/800', 'Unbranded Metal Fish image', 0),
  ('0df828af-957b-48b9-b958-b2a3e4e41c22', '4c24d72e-2f84-4d2f-8bdd-2fca7398e13c', 'https://picsum.photos/seed/4c24d72e-2f84-4d2f-8bdd-2fca7398e13c-1/800/800', 'Rustic Bamboo Pizza image', 1),
  ('b07b6dc8-7d67-4aa1-9d88-71931a64e8e6', '4c24d72e-2f84-4d2f-8bdd-2fca7398e13c', 'https://picsum.photos/seed/4c24d72e-2f84-4d2f-8bdd-2fca7398e13c-2/800/800', 'Unbranded Bronze Table image', 2),
  ('80a12bef-96f0-46d6-a862-59646d48cabe', '520d0021-6c44-4489-bdc7-e4c128cf8333', 'https://picsum.photos/seed/520d0021-6c44-4489-bdc7-e4c128cf8333-0/800/800', 'Luxurious Marble Pants image', 0),
  ('01d1556e-9a44-45b8-92b6-f50c0c139853', '520d0021-6c44-4489-bdc7-e4c128cf8333', 'https://picsum.photos/seed/520d0021-6c44-4489-bdc7-e4c128cf8333-1/800/800', 'Bespoke Rubber Chicken image', 1),
  ('8cdcfbff-7fe2-496e-b342-1d34bfe1794a', '520d0021-6c44-4489-bdc7-e4c128cf8333', 'https://picsum.photos/seed/520d0021-6c44-4489-bdc7-e4c128cf8333-2/800/800', 'Bespoke Concrete Hat image', 2),
  ('f6274d47-4b56-46dd-87d5-9177febf6f62', 'b97b3ad0-5fc4-4926-941e-a67fb5003e0d', 'https://picsum.photos/seed/b97b3ad0-5fc4-4926-941e-a67fb5003e0d-0/800/800', 'Luxurious Metal Bacon image', 0),
  ('815ad8a4-7755-487d-951c-f68a9fe6fcfb', 'b97b3ad0-5fc4-4926-941e-a67fb5003e0d', 'https://picsum.photos/seed/b97b3ad0-5fc4-4926-941e-a67fb5003e0d-1/800/800', 'Handcrafted Steel Tuna image', 1),
  ('9f35d6db-de1b-4a48-85be-14816ca4ff88', 'c0898125-b6ae-4131-b6f2-c36a5d26efbc', 'https://picsum.photos/seed/c0898125-b6ae-4131-b6f2-c36a5d26efbc-0/800/800', 'Intelligent Bamboo Computer image', 0),
  ('8fa0e36d-c3ef-462a-a5ce-ae1cd5899553', 'c0898125-b6ae-4131-b6f2-c36a5d26efbc', 'https://picsum.photos/seed/c0898125-b6ae-4131-b6f2-c36a5d26efbc-1/800/800', 'Elegant Wooden Car image', 1),
  ('559bdd28-ab2e-4767-8022-2ab59c63899c', 'c0898125-b6ae-4131-b6f2-c36a5d26efbc', 'https://picsum.photos/seed/c0898125-b6ae-4131-b6f2-c36a5d26efbc-2/800/800', 'Frozen Silk Cheese image', 2),
  ('2b12eae4-5cc7-487d-89e8-6f0bb58ad6ce', 'a26aaff9-0078-4f40-846f-8f67b7245cc4', 'https://picsum.photos/seed/a26aaff9-0078-4f40-846f-8f67b7245cc4-0/800/800', 'Oriental Silk Soap image', 0),
  ('f404ba3c-e8b7-47c8-bbfa-a7ca2ea9d0f7', 'a26aaff9-0078-4f40-846f-8f67b7245cc4', 'https://picsum.photos/seed/a26aaff9-0078-4f40-846f-8f67b7245cc4-1/800/800', 'Elegant Cotton Fish image', 1),
  ('78881e1e-50f0-460f-940b-752142373b68', 'f78f64b3-d676-4111-bd21-c10718403cd8', 'https://picsum.photos/seed/f78f64b3-d676-4111-bd21-c10718403cd8-0/800/800', 'Rustic Steel Hat image', 0),
  ('f92f234f-08c2-4c19-b115-ddcdd4596597', '9b8b1e62-e49f-4350-b97f-dd6374cce2a6', 'https://picsum.photos/seed/9b8b1e62-e49f-4350-b97f-dd6374cce2a6-0/800/800', 'Fantastic Metal Car image', 0),
  ('ce402dfd-7b11-4082-a93e-bcfec6d4d5ee', '9b8b1e62-e49f-4350-b97f-dd6374cce2a6', 'https://picsum.photos/seed/9b8b1e62-e49f-4350-b97f-dd6374cce2a6-1/800/800', 'Sleek Bamboo Pizza image', 1),
  ('150e8c57-adf7-44bd-b453-ba8de60c66f1', '9b8b1e62-e49f-4350-b97f-dd6374cce2a6', 'https://picsum.photos/seed/9b8b1e62-e49f-4350-b97f-dd6374cce2a6-2/800/800', 'Refined Steel Pizza image', 2),
  ('9e885e9c-356c-43df-9b08-61996537be43', 'fbca1540-2a7c-4e81-a1cd-dd2e13a0d3e3', 'https://picsum.photos/seed/fbca1540-2a7c-4e81-a1cd-dd2e13a0d3e3-0/800/800', 'Tasty Silk Soap image', 0),
  ('72d9562d-f651-430f-a86e-7ca50660621d', 'fbca1540-2a7c-4e81-a1cd-dd2e13a0d3e3', 'https://picsum.photos/seed/fbca1540-2a7c-4e81-a1cd-dd2e13a0d3e3-1/800/800', 'Luxurious Bronze Gloves image', 1),
  ('57605902-93a3-4b3b-ba7c-673da87994e5', 'fbca1540-2a7c-4e81-a1cd-dd2e13a0d3e3', 'https://picsum.photos/seed/fbca1540-2a7c-4e81-a1cd-dd2e13a0d3e3-2/800/800', 'Elegant Silk Gloves image', 2),
  ('476c953b-70b4-472e-8021-ffd27678e8b0', '5cceea5e-6319-4618-96d4-8df3d2518c2b', 'https://picsum.photos/seed/5cceea5e-6319-4618-96d4-8df3d2518c2b-0/800/800', 'Unbranded Plastic Shirt image', 0),
  ('51180401-12d3-481f-b22b-f0f63f1466cb', '0c92c6f7-1e74-40ff-af6a-2032a59e9976', 'https://picsum.photos/seed/0c92c6f7-1e74-40ff-af6a-2032a59e9976-0/800/800', 'Frozen Concrete Computer image', 0),
  ('3c9bab01-b257-4584-9ac0-d33961f92b7d', '0c92c6f7-1e74-40ff-af6a-2032a59e9976', 'https://picsum.photos/seed/0c92c6f7-1e74-40ff-af6a-2032a59e9976-1/800/800', 'Awesome Granite Cheese image', 1),
  ('1346cbc4-913c-4e8d-9024-d90e7ad8bf7c', '0c92c6f7-1e74-40ff-af6a-2032a59e9976', 'https://picsum.photos/seed/0c92c6f7-1e74-40ff-af6a-2032a59e9976-2/800/800', 'Incredible Steel Keyboard image', 2),
  ('c0254c89-dc63-447f-8289-ff67cf089020', 'a1698733-6cfd-4fd3-9ea6-95285b7d1fb1', 'https://picsum.photos/seed/a1698733-6cfd-4fd3-9ea6-95285b7d1fb1-0/800/800', 'Fantastic Metal Keyboard image', 0),
  ('2888592b-48a5-414b-a2f0-350514afdc01', 'e93b8e05-c53b-441e-b61e-e8b5bf9e83b6', 'https://picsum.photos/seed/e93b8e05-c53b-441e-b61e-e8b5bf9e83b6-0/800/800', 'Handcrafted Silk Salad image', 0),
  ('2d62e1e9-9dca-4e02-9696-0b55c92e97bf', 'e93b8e05-c53b-441e-b61e-e8b5bf9e83b6', 'https://picsum.photos/seed/e93b8e05-c53b-441e-b61e-e8b5bf9e83b6-1/800/800', 'Bespoke Plastic Pants image', 1),
  ('4e344c53-cb2c-470b-b407-8e3f139b814d', 'e93b8e05-c53b-441e-b61e-e8b5bf9e83b6', 'https://picsum.photos/seed/e93b8e05-c53b-441e-b61e-e8b5bf9e83b6-2/800/800', 'Modern Granite Soap image', 2),
  ('a11ed258-05ce-4fc4-bdd2-dd98b02d3c82', '18c4e0de-d157-499d-a7c2-c3c5d13482ed', 'https://picsum.photos/seed/18c4e0de-d157-499d-a7c2-c3c5d13482ed-0/800/800', 'Small Granite Soap image', 0),
  ('6c3be1fa-0d61-4f66-a209-7da7eda4321b', '18c4e0de-d157-499d-a7c2-c3c5d13482ed', 'https://picsum.photos/seed/18c4e0de-d157-499d-a7c2-c3c5d13482ed-1/800/800', 'Rustic Ceramic Bike image', 1),
  ('1c3d7d22-4c41-4ee5-a555-c364f15edda8', '18c4e0de-d157-499d-a7c2-c3c5d13482ed', 'https://picsum.photos/seed/18c4e0de-d157-499d-a7c2-c3c5d13482ed-2/800/800', 'Sleek Gold Salad image', 2),
  ('5a8c864e-0b30-4320-97e6-8e909745ca8b', 'fb37e243-1ad4-461f-b670-c281df0af0e4', 'https://picsum.photos/seed/fb37e243-1ad4-461f-b670-c281df0af0e4-0/800/800', 'Awesome Wooden Bike image', 0),
  ('6092fc28-1de3-4aab-8ad7-7fe820646412', 'db44f545-9b68-4a68-a07b-ddf9d857166c', 'https://picsum.photos/seed/db44f545-9b68-4a68-a07b-ddf9d857166c-0/800/800', 'Electronic Bamboo Salad image', 0),
  ('0549692d-f7fe-464b-90d6-54fec0ec1d56', 'db44f545-9b68-4a68-a07b-ddf9d857166c', 'https://picsum.photos/seed/db44f545-9b68-4a68-a07b-ddf9d857166c-1/800/800', 'Handcrafted Bronze Computer image', 1),
  ('36f5aa5b-f691-4b72-b881-2355d3fd65a8', 'db44f545-9b68-4a68-a07b-ddf9d857166c', 'https://picsum.photos/seed/db44f545-9b68-4a68-a07b-ddf9d857166c-2/800/800', 'Sleek Ceramic Cheese image', 2),
  ('a932a3a3-1e84-4c72-a469-b1faa66b60f9', '7da14fbe-ccee-41ef-873d-a6a09b2bf20d', 'https://picsum.photos/seed/7da14fbe-ccee-41ef-873d-a6a09b2bf20d-0/800/800', 'Fresh Cotton Chair image', 0),
  ('d865208b-e9eb-453f-a850-92cc93717ed5', '7da14fbe-ccee-41ef-873d-a6a09b2bf20d', 'https://picsum.photos/seed/7da14fbe-ccee-41ef-873d-a6a09b2bf20d-1/800/800', 'Practical Cotton Mouse image', 1),
  ('391a70fd-3e76-42d6-909b-ce45b2115366', '7da14fbe-ccee-41ef-873d-a6a09b2bf20d', 'https://picsum.photos/seed/7da14fbe-ccee-41ef-873d-a6a09b2bf20d-2/800/800', 'Awesome Rubber Towels image', 2),
  ('507eba1f-98e5-4af6-bbf7-6882914236b6', '619dfe48-9c3a-43cb-bf30-2be7e2e286c2', 'https://picsum.photos/seed/619dfe48-9c3a-43cb-bf30-2be7e2e286c2-0/800/800', 'Small Marble Pizza image', 0),
  ('16e060a4-662f-46d3-9109-e946d5c4d3b4', 'be3a8f1b-6fdb-4454-9604-b6bf6c0122f5', 'https://picsum.photos/seed/be3a8f1b-6fdb-4454-9604-b6bf6c0122f5-0/800/800', 'Incredible Gold Soap image', 0),
  ('c0bc69b2-330a-4540-b2a4-d7cbd4233c1d', '96432d3f-4070-4944-82ec-1784280d6cbe', 'https://picsum.photos/seed/96432d3f-4070-4944-82ec-1784280d6cbe-0/800/800', 'Intelligent Concrete Computer image', 0),
  ('d84510de-06d4-4218-86b9-5aa6a8e93aa0', '50fdc48a-4c0e-4878-8d67-1dc6c6bfdcac', 'https://picsum.photos/seed/50fdc48a-4c0e-4878-8d67-1dc6c6bfdcac-0/800/800', 'Sleek Rubber Bike image', 0),
  ('df5e637a-2a0a-4c04-b337-ca572173cc5b', '50fdc48a-4c0e-4878-8d67-1dc6c6bfdcac', 'https://picsum.photos/seed/50fdc48a-4c0e-4878-8d67-1dc6c6bfdcac-1/800/800', 'Modern Metal Table image', 1),
  ('4cdfe1e1-c1cd-4b17-9614-b2b031d1099b', '75ba3aa6-354b-487a-a13b-b186971fa08e', 'https://picsum.photos/seed/75ba3aa6-354b-487a-a13b-b186971fa08e-0/800/800', 'Handmade Granite Bacon image', 0),
  ('9ed6be90-7be5-4af1-b093-f62f593442c0', '75ba3aa6-354b-487a-a13b-b186971fa08e', 'https://picsum.photos/seed/75ba3aa6-354b-487a-a13b-b186971fa08e-1/800/800', 'Fresh Rubber Soap image', 1),
  ('d3249cde-69a3-4d67-a059-aef039fe1088', '75ba3aa6-354b-487a-a13b-b186971fa08e', 'https://picsum.photos/seed/75ba3aa6-354b-487a-a13b-b186971fa08e-2/800/800', 'Ergonomic Ceramic Pants image', 2),
  ('7f44db4e-cbba-4ff5-a46d-1a1eeabc43e7', 'cb88f1a1-5807-4324-ad65-9c06bd62f64f', 'https://picsum.photos/seed/cb88f1a1-5807-4324-ad65-9c06bd62f64f-0/800/800', 'Practical Silk Pizza image', 0),
  ('e18eeb1e-172d-437c-a42b-021c4a2bf294', 'cb88f1a1-5807-4324-ad65-9c06bd62f64f', 'https://picsum.photos/seed/cb88f1a1-5807-4324-ad65-9c06bd62f64f-1/800/800', 'Incredible Granite Car image', 1),
  ('2b13389b-4e41-4227-a8a4-94e115c16e40', 'cb88f1a1-5807-4324-ad65-9c06bd62f64f', 'https://picsum.photos/seed/cb88f1a1-5807-4324-ad65-9c06bd62f64f-2/800/800', 'Unbranded Ceramic Chips image', 2),
  ('f546e8c1-87a4-4ed7-bb49-2f1cfcb04ed3', '5421b1b3-87a4-490f-8bb3-5d203d6588c8', 'https://picsum.photos/seed/5421b1b3-87a4-490f-8bb3-5d203d6588c8-0/800/800', 'Handcrafted Bronze Hat image', 0),
  ('48c30cfb-b061-493c-9b45-75cbd571b794', '5421b1b3-87a4-490f-8bb3-5d203d6588c8', 'https://picsum.photos/seed/5421b1b3-87a4-490f-8bb3-5d203d6588c8-1/800/800', 'Bespoke Cotton Soap image', 1),
  ('420948dd-194f-4660-8f46-b522526b9c67', 'f75daf1b-acdf-45fc-b77a-7b9e183c025e', 'https://picsum.photos/seed/f75daf1b-acdf-45fc-b77a-7b9e183c025e-0/800/800', 'Small Aluminum Towels image', 0),
  ('3e982d01-70be-452e-a6c2-79a4e4600e34', '76fe65ca-a3f7-427d-bf53-f17b754440bb', 'https://picsum.photos/seed/76fe65ca-a3f7-427d-bf53-f17b754440bb-0/800/800', 'Practical Metal Fish image', 0),
  ('9f91ee59-1f3e-4915-996f-fc55e0fd58a2', '76fe65ca-a3f7-427d-bf53-f17b754440bb', 'https://picsum.photos/seed/76fe65ca-a3f7-427d-bf53-f17b754440bb-1/800/800', 'Fantastic Granite Hat image', 1),
  ('34c9ae4b-e0f9-469a-858f-006e06cec2b5', '76fe65ca-a3f7-427d-bf53-f17b754440bb', 'https://picsum.photos/seed/76fe65ca-a3f7-427d-bf53-f17b754440bb-2/800/800', 'Licensed Aluminum Pants image', 2),
  ('c9e22164-f0bb-493b-b386-e20371b61f79', '23129c71-be9b-4716-97a6-8bf114d83681', 'https://picsum.photos/seed/23129c71-be9b-4716-97a6-8bf114d83681-0/800/800', 'Fresh Bamboo Tuna image', 0),
  ('00fdd728-bbd6-447a-9406-126f5a962fd8', '0771759b-9947-45e9-a058-f5a838fe00fc', 'https://picsum.photos/seed/0771759b-9947-45e9-a058-f5a838fe00fc-0/800/800', 'Sleek Gold Salad image', 0),
  ('30727b7d-c3c0-4c88-a146-bf7fd3719e96', '753d8418-f6ed-42e9-bc27-6311c4f98302', 'https://picsum.photos/seed/753d8418-f6ed-42e9-bc27-6311c4f98302-0/800/800', 'Sleek Ceramic Sausages image', 0),
  ('03e07c24-4494-4e9a-8a69-333dbe6e1f11', '753d8418-f6ed-42e9-bc27-6311c4f98302', 'https://picsum.photos/seed/753d8418-f6ed-42e9-bc27-6311c4f98302-1/800/800', 'Practical Concrete Shoes image', 1),
  ('4072df75-6a7c-4dd5-8cf9-d522ed840356', 'f55f53cf-b377-4c0a-b19b-9749d13276dd', 'https://picsum.photos/seed/f55f53cf-b377-4c0a-b19b-9749d13276dd-0/800/800', 'Rustic Bronze Chair image', 0),
  ('190d4720-70b2-494c-8ac3-2e7cc513043b', 'f55f53cf-b377-4c0a-b19b-9749d13276dd', 'https://picsum.photos/seed/f55f53cf-b377-4c0a-b19b-9749d13276dd-1/800/800', 'Unbranded Aluminum Salad image', 1),
  ('6a4b11d6-81d3-4357-a6fe-f09badbb89ce', 'f55f53cf-b377-4c0a-b19b-9749d13276dd', 'https://picsum.photos/seed/f55f53cf-b377-4c0a-b19b-9749d13276dd-2/800/800', 'Elegant Concrete Chicken image', 2),
  ('c09d2b43-74f8-4305-bded-53b4ba7f9625', 'e89f9870-e04d-43c4-9baa-faf931b228d6', 'https://picsum.photos/seed/e89f9870-e04d-43c4-9baa-faf931b228d6-0/800/800', 'Practical Cotton Gloves image', 0),
  ('d7446e6a-cb6f-4741-8258-c05d25d79e3a', 'e89f9870-e04d-43c4-9baa-faf931b228d6', 'https://picsum.photos/seed/e89f9870-e04d-43c4-9baa-faf931b228d6-1/800/800', 'Elegant Aluminum Computer image', 1),
  ('0232355a-cb11-4dad-b7b5-5aaaa8bdd200', 'e89f9870-e04d-43c4-9baa-faf931b228d6', 'https://picsum.photos/seed/e89f9870-e04d-43c4-9baa-faf931b228d6-2/800/800', 'Rustic Bamboo Fish image', 2),
  ('13b0717c-2050-4bdd-8a11-7dada0fdea66', 'fdc21a3f-016d-47bf-88d6-1e7048deae5f', 'https://picsum.photos/seed/fdc21a3f-016d-47bf-88d6-1e7048deae5f-0/800/800', 'Fresh Silk Chips image', 0),
  ('ee353004-f0d4-4900-81f6-764b8f2b968c', 'fdc21a3f-016d-47bf-88d6-1e7048deae5f', 'https://picsum.photos/seed/fdc21a3f-016d-47bf-88d6-1e7048deae5f-1/800/800', 'Practical Granite Chair image', 1),
  ('6a2b65b9-a738-4c16-84ea-31b9038fbcd7', '97fdf797-aa06-4c63-95f2-608a666e27da', 'https://picsum.photos/seed/97fdf797-aa06-4c63-95f2-608a666e27da-0/800/800', 'Bespoke Cotton Chicken image', 0),
  ('34054dbe-44bb-42c7-8af1-4ffef8f7bfaa', '97fdf797-aa06-4c63-95f2-608a666e27da', 'https://picsum.photos/seed/97fdf797-aa06-4c63-95f2-608a666e27da-1/800/800', 'Modern Bronze Cheese image', 1),
  ('e04f2072-9927-4846-b31d-2481dcbb87a4', 'c1961c3e-5e05-4aea-bf12-a4e582a13f8a', 'https://picsum.photos/seed/c1961c3e-5e05-4aea-bf12-a4e582a13f8a-0/800/800', 'Rustic Cotton Ball image', 0),
  ('2b337e17-70b2-4d84-b109-06ff62a772f6', 'c1961c3e-5e05-4aea-bf12-a4e582a13f8a', 'https://picsum.photos/seed/c1961c3e-5e05-4aea-bf12-a4e582a13f8a-1/800/800', 'Small Bronze Shirt image', 1),
  ('0b4b09fb-d1de-4973-849d-0d61d3ad82e9', 'c679a7a5-94d8-4754-8475-43d02fb6685d', 'https://picsum.photos/seed/c679a7a5-94d8-4754-8475-43d02fb6685d-0/800/800', 'Soft Aluminum Salad image', 0),
  ('14e1e108-a154-4941-9016-135362f303e4', 'c679a7a5-94d8-4754-8475-43d02fb6685d', 'https://picsum.photos/seed/c679a7a5-94d8-4754-8475-43d02fb6685d-1/800/800', 'Refined Aluminum Soap image', 1),
  ('70c11f71-04c7-4501-be80-150e54f6e614', 'c679a7a5-94d8-4754-8475-43d02fb6685d', 'https://picsum.photos/seed/c679a7a5-94d8-4754-8475-43d02fb6685d-2/800/800', 'Frozen Gold Towels image', 2),
  ('f891f724-7421-407e-b767-7d847121ce9c', 'ffc3a072-b78e-4555-bcd6-e6e2f3e00484', 'https://picsum.photos/seed/ffc3a072-b78e-4555-bcd6-e6e2f3e00484-0/800/800', 'Licensed Cotton Fish image', 0),
  ('b43bfe2c-3cbc-45df-846a-9e99bdbae052', 'ffc3a072-b78e-4555-bcd6-e6e2f3e00484', 'https://picsum.photos/seed/ffc3a072-b78e-4555-bcd6-e6e2f3e00484-1/800/800', 'Sleek Silk Mouse image', 1),
  ('832a8775-3384-4695-b015-4cf34a71bf1f', 'ffc3a072-b78e-4555-bcd6-e6e2f3e00484', 'https://picsum.photos/seed/ffc3a072-b78e-4555-bcd6-e6e2f3e00484-2/800/800', 'Soft Rubber Computer image', 2),
  ('88f6f512-6bb0-4927-91ee-b911e158ac2e', '36869419-c93d-4a75-b8c3-8baedebd59c3', 'https://picsum.photos/seed/36869419-c93d-4a75-b8c3-8baedebd59c3-0/800/800', 'Licensed Metal Cheese image', 0),
  ('db2c5ba1-2626-438a-9be9-f94f20fed294', '010d6610-c8b5-4aa4-ae40-fb5814b78660', 'https://picsum.photos/seed/010d6610-c8b5-4aa4-ae40-fb5814b78660-0/800/800', 'Elegant Concrete Tuna image', 0),
  ('f5677236-49a8-4f02-b573-d872568fb35d', 'b28dc7bb-c95c-43ab-b24d-fcbd104c98f2', 'https://picsum.photos/seed/b28dc7bb-c95c-43ab-b24d-fcbd104c98f2-0/800/800', 'Small Ceramic Tuna image', 0),
  ('546f5554-7f1d-47ed-bae2-b6246660c7d3', 'f1a46f61-6620-44e1-bf06-c1e9662b6072', 'https://picsum.photos/seed/f1a46f61-6620-44e1-bf06-c1e9662b6072-0/800/800', 'Frozen Bronze Chair image', 0),
  ('54ebb682-a290-4f7f-ba1b-ee7da8017075', 'a7cbf8f8-c2cf-4497-862a-1b5d1eaf2289', 'https://picsum.photos/seed/a7cbf8f8-c2cf-4497-862a-1b5d1eaf2289-0/800/800', 'Incredible Cotton Sausages image', 0),
  ('60e2a86c-6540-4f57-b339-c9de44bd998d', '27cd5066-35dd-49d3-b538-160145d90773', 'https://picsum.photos/seed/27cd5066-35dd-49d3-b538-160145d90773-0/800/800', 'Ergonomic Steel Soap image', 0),
  ('10d04e34-61e4-40cc-bd7f-475cbe3c97e1', '27cd5066-35dd-49d3-b538-160145d90773', 'https://picsum.photos/seed/27cd5066-35dd-49d3-b538-160145d90773-1/800/800', 'Awesome Bamboo Chicken image', 1),
  ('b5b9bd1d-e8ca-4c65-8fba-9c996d1923a8', '27cd5066-35dd-49d3-b538-160145d90773', 'https://picsum.photos/seed/27cd5066-35dd-49d3-b538-160145d90773-2/800/800', 'Bespoke Silk Table image', 2),
  ('08812715-5c92-4706-a3cb-7b07a73e1d07', 'b755e961-f9cb-4f7f-9d11-e3137d2fcc9f', 'https://picsum.photos/seed/b755e961-f9cb-4f7f-9d11-e3137d2fcc9f-0/800/800', 'Electronic Metal Hat image', 0),
  ('bb4148aa-7b07-4ab4-8e93-bcfd16779b51', 'b755e961-f9cb-4f7f-9d11-e3137d2fcc9f', 'https://picsum.photos/seed/b755e961-f9cb-4f7f-9d11-e3137d2fcc9f-1/800/800', 'Handmade Granite Mouse image', 1),
  ('2e1151f2-2903-4527-b3a5-d69a3910525d', '0308176f-300b-4ed4-9a8d-1d32f1158b8d', 'https://picsum.photos/seed/0308176f-300b-4ed4-9a8d-1d32f1158b8d-0/800/800', 'Modern Bamboo Cheese image', 0),
  ('7872b8c2-bc0e-411e-87ec-20f9aaa7d26c', '0308176f-300b-4ed4-9a8d-1d32f1158b8d', 'https://picsum.photos/seed/0308176f-300b-4ed4-9a8d-1d32f1158b8d-1/800/800', 'Bespoke Bamboo Mouse image', 1),
  ('d3dd4b7d-9094-4779-9ab8-6f6d19707312', '110ee1be-a882-4494-8b89-62cfbd70529d', 'https://picsum.photos/seed/110ee1be-a882-4494-8b89-62cfbd70529d-0/800/800', 'Elegant Wooden Pants image', 0),
  ('b1bf0d4c-f46a-4f23-86b6-e9cd7d5c7e0e', '110ee1be-a882-4494-8b89-62cfbd70529d', 'https://picsum.photos/seed/110ee1be-a882-4494-8b89-62cfbd70529d-1/800/800', 'Electronic Bamboo Towels image', 1),
  ('42d6423e-ab1d-41a0-ba72-a44f405eadb9', '293b4ad7-4ec5-4bd2-bac9-df2d820b2dc8', 'https://picsum.photos/seed/293b4ad7-4ec5-4bd2-bac9-df2d820b2dc8-0/800/800', 'Fresh Ceramic Car image', 0),
  ('3e8cae0a-635f-4c2e-99cc-8ffabf935db0', '0cabd2fd-fbc4-48b0-8e95-2354db26f6c1', 'https://picsum.photos/seed/0cabd2fd-fbc4-48b0-8e95-2354db26f6c1-0/800/800', 'Ergonomic Bronze Sausages image', 0),
  ('d10781a0-66cb-4e30-b4c7-5d6ad6f22dd7', '0cabd2fd-fbc4-48b0-8e95-2354db26f6c1', 'https://picsum.photos/seed/0cabd2fd-fbc4-48b0-8e95-2354db26f6c1-1/800/800', 'Luxurious Ceramic Ball image', 1),
  ('ac4b6094-9672-4977-bef0-535688fdc94e', '0cabd2fd-fbc4-48b0-8e95-2354db26f6c1', 'https://picsum.photos/seed/0cabd2fd-fbc4-48b0-8e95-2354db26f6c1-2/800/800', 'Awesome Marble Pants image', 2),
  ('b536f387-8d8f-43e4-915e-93edd604440c', 'fd444ba6-b326-449c-a8a3-717269103d58', 'https://picsum.photos/seed/fd444ba6-b326-449c-a8a3-717269103d58-0/800/800', 'Electronic Marble Fish image', 0),
  ('54b69375-4b72-49a4-bfc5-8d2ae9f121e8', 'fd444ba6-b326-449c-a8a3-717269103d58', 'https://picsum.photos/seed/fd444ba6-b326-449c-a8a3-717269103d58-1/800/800', 'Bespoke Steel Soap image', 1),
  ('b6cefd6c-9a15-4376-8428-89abdbb4b699', 'ca143d85-1ed7-4eba-94d8-e0069b33962d', 'https://picsum.photos/seed/ca143d85-1ed7-4eba-94d8-e0069b33962d-0/800/800', 'Oriental Metal Gloves image', 0),
  ('63802c99-468a-436a-a50e-e2558cbded4f', 'ca143d85-1ed7-4eba-94d8-e0069b33962d', 'https://picsum.photos/seed/ca143d85-1ed7-4eba-94d8-e0069b33962d-1/800/800', 'Small Wooden Computer image', 1),
  ('d9401270-b4b0-4d5a-a38c-63aa3cb57b2d', '81264159-51ff-4913-b4f1-2dcf134532d9', 'https://picsum.photos/seed/81264159-51ff-4913-b4f1-2dcf134532d9-0/800/800', 'Elegant Concrete Chair image', 0),
  ('7b8196c3-50f2-4db5-a066-45da32a86e6f', '3f398b5b-3a1f-4007-a76c-a1b57c87815b', 'https://picsum.photos/seed/3f398b5b-3a1f-4007-a76c-a1b57c87815b-0/800/800', 'Unbranded Ceramic Table image', 0),
  ('9b04cf3b-6971-4252-8576-35a852e8a4de', '3f398b5b-3a1f-4007-a76c-a1b57c87815b', 'https://picsum.photos/seed/3f398b5b-3a1f-4007-a76c-a1b57c87815b-1/800/800', 'Ergonomic Ceramic Car image', 1),
  ('7b1c0463-700a-4506-a5ae-425c3b88b939', '77c2c5e5-312d-4d3e-8b84-9538523a6ab5', 'https://picsum.photos/seed/77c2c5e5-312d-4d3e-8b84-9538523a6ab5-0/800/800', 'Luxurious Plastic Mouse image', 0),
  ('5ddbe0fc-2b27-4992-8bee-f92d913b4776', '77c2c5e5-312d-4d3e-8b84-9538523a6ab5', 'https://picsum.photos/seed/77c2c5e5-312d-4d3e-8b84-9538523a6ab5-1/800/800', 'Modern Cotton Gloves image', 1),
  ('094471f5-ebfe-4eb3-9247-3e960b709808', '6db7bfd1-95fc-419e-9646-cd8663b3d20d', 'https://picsum.photos/seed/6db7bfd1-95fc-419e-9646-cd8663b3d20d-0/800/800', 'Refined Bronze Fish image', 0),
  ('8247f7a9-1d8e-4481-adc8-20ec4873723a', 'c2e8935c-732d-4003-a73e-774de673d56f', 'https://picsum.photos/seed/c2e8935c-732d-4003-a73e-774de673d56f-0/800/800', 'Gorgeous Steel Car image', 0),
  ('a5ec2465-be00-44b6-991d-6a6bc36cb850', '72065bc9-0bc4-4d52-9f40-74ffa97bc7fe', 'https://picsum.photos/seed/72065bc9-0bc4-4d52-9f40-74ffa97bc7fe-0/800/800', 'Oriental Bronze Keyboard image', 0),
  ('d7ce8412-85a7-462f-ab8c-8784bcf1be2e', '72065bc9-0bc4-4d52-9f40-74ffa97bc7fe', 'https://picsum.photos/seed/72065bc9-0bc4-4d52-9f40-74ffa97bc7fe-1/800/800', 'Ergonomic Ceramic Chicken image', 1),
  ('5026c91f-1017-46cb-b4cf-2c21bc961f30', '72065bc9-0bc4-4d52-9f40-74ffa97bc7fe', 'https://picsum.photos/seed/72065bc9-0bc4-4d52-9f40-74ffa97bc7fe-2/800/800', 'Licensed Granite Pants image', 2),
  ('9675e10d-5f7f-497c-bd76-d19210bbf7d0', 'f8a68d82-f9ef-45ab-b204-db627f468f06', 'https://picsum.photos/seed/f8a68d82-f9ef-45ab-b204-db627f468f06-0/800/800', 'Intelligent Concrete Pizza image', 0),
  ('2c49156f-3d5c-40e0-ab3f-49a60bee5620', 'beacf324-a61a-48c2-8798-8df128fe6b01', 'https://picsum.photos/seed/beacf324-a61a-48c2-8798-8df128fe6b01-0/800/800', 'Oriental Aluminum Shirt image', 0),
  ('7c01cb60-b6f2-4a43-b7e7-9284910d30f0', 'beacf324-a61a-48c2-8798-8df128fe6b01', 'https://picsum.photos/seed/beacf324-a61a-48c2-8798-8df128fe6b01-1/800/800', 'Oriental Steel Shirt image', 1),
  ('e1571f95-af26-4516-80f5-6a27070d9247', 'beacf324-a61a-48c2-8798-8df128fe6b01', 'https://picsum.photos/seed/beacf324-a61a-48c2-8798-8df128fe6b01-2/800/800', 'Incredible Bronze Car image', 2),
  ('7c901b5d-f0ad-442b-b3ec-85a4024e1aec', '5fa63739-1f87-4356-97b1-2199eeab0d5e', 'https://picsum.photos/seed/5fa63739-1f87-4356-97b1-2199eeab0d5e-0/800/800', 'Licensed Concrete Table image', 0),
  ('54357550-70ba-477c-9b38-bf617c746c20', '5fa63739-1f87-4356-97b1-2199eeab0d5e', 'https://picsum.photos/seed/5fa63739-1f87-4356-97b1-2199eeab0d5e-1/800/800', 'Intelligent Granite Shoes image', 1),
  ('beb0690f-effe-4022-bc47-44f94f1b138d', 'df63a60a-59a4-439e-8189-8b897f8be2e5', 'https://picsum.photos/seed/df63a60a-59a4-439e-8189-8b897f8be2e5-0/800/800', 'Generic Gold Hat image', 0),
  ('bf52c8b7-2d65-442f-9c60-81fe05cb2d05', 'df63a60a-59a4-439e-8189-8b897f8be2e5', 'https://picsum.photos/seed/df63a60a-59a4-439e-8189-8b897f8be2e5-1/800/800', 'Elegant Granite Bike image', 1),
  ('e56149ad-ce19-496d-9810-20fdcec1ea2d', 'a34d7d55-0d98-41f2-8329-a8b5a0d0418e', 'https://picsum.photos/seed/a34d7d55-0d98-41f2-8329-a8b5a0d0418e-0/800/800', 'Oriental Aluminum Mouse image', 0),
  ('7478064b-5c88-41de-b5bc-23e52c8d57d4', 'a34d7d55-0d98-41f2-8329-a8b5a0d0418e', 'https://picsum.photos/seed/a34d7d55-0d98-41f2-8329-a8b5a0d0418e-1/800/800', 'Refined Steel Pants image', 1),
  ('297ebad5-a8e9-420e-9258-c6f437bf3aeb', 'a34d7d55-0d98-41f2-8329-a8b5a0d0418e', 'https://picsum.photos/seed/a34d7d55-0d98-41f2-8329-a8b5a0d0418e-2/800/800', 'Licensed Ceramic Shoes image', 2),
  ('9cde013c-2d15-4819-bd98-69b505c2d784', '3634f027-c393-4e11-a116-0c1c8c1a251c', 'https://picsum.photos/seed/3634f027-c393-4e11-a116-0c1c8c1a251c-0/800/800', 'Gorgeous Plastic Gloves image', 0),
  ('6fb9e1ad-04f3-421e-867b-69880fa598e8', 'ad9e6f32-76d0-481a-a3de-8e1eec903e04', 'https://picsum.photos/seed/ad9e6f32-76d0-481a-a3de-8e1eec903e04-0/800/800', 'Oriental Metal Pizza image', 0),
  ('a58823cd-e4dd-4b2e-a33b-2fcfb23dbfb6', '53a2f1b6-1d0b-4370-b572-fed1c65862d5', 'https://picsum.photos/seed/53a2f1b6-1d0b-4370-b572-fed1c65862d5-0/800/800', 'Ergonomic Plastic Bike image', 0),
  ('d2b134c3-1be2-4e24-8afe-f4b9f8f66378', '53a2f1b6-1d0b-4370-b572-fed1c65862d5', 'https://picsum.photos/seed/53a2f1b6-1d0b-4370-b572-fed1c65862d5-1/800/800', 'Oriental Aluminum Sausages image', 1),
  ('e0c50f4b-0d98-454d-a15f-13e9cc7b3b1c', 'ee70f1e1-c791-4c25-bd91-42b2f86130ab', 'https://picsum.photos/seed/ee70f1e1-c791-4c25-bd91-42b2f86130ab-0/800/800', 'Recycled Silk Ball image', 0),
  ('7bb372ec-20d5-4913-848a-aef511b66a42', 'ee70f1e1-c791-4c25-bd91-42b2f86130ab', 'https://picsum.photos/seed/ee70f1e1-c791-4c25-bd91-42b2f86130ab-1/800/800', 'Fantastic Cotton Salad image', 1),
  ('db12cd93-c69a-47ff-a44b-b97994a4137a', 'ee70f1e1-c791-4c25-bd91-42b2f86130ab', 'https://picsum.photos/seed/ee70f1e1-c791-4c25-bd91-42b2f86130ab-2/800/800', 'Fresh Cotton Cheese image', 2),
  ('31db8fe8-c5b8-4359-92ec-e8aee2bcf2c5', 'a222e0de-4b13-45e0-9a39-7ddf1a6e139f', 'https://picsum.photos/seed/a222e0de-4b13-45e0-9a39-7ddf1a6e139f-0/800/800', 'Practical Bronze Hat image', 0),
  ('5d65dced-319b-4457-a3dc-977059d744c3', '06933c87-80c8-4d07-af85-8cceb876d397', 'https://picsum.photos/seed/06933c87-80c8-4d07-af85-8cceb876d397-0/800/800', 'Rustic Bronze Sausages image', 0),
  ('1bdbe1f0-407c-4be6-9193-8f8ee241031c', '06933c87-80c8-4d07-af85-8cceb876d397', 'https://picsum.photos/seed/06933c87-80c8-4d07-af85-8cceb876d397-1/800/800', 'Incredible Metal Fish image', 1),
  ('afe94864-937b-434b-9fc6-e85e83246497', '1f21e3f0-0e71-4646-a5d5-6e46cd32d021', 'https://picsum.photos/seed/1f21e3f0-0e71-4646-a5d5-6e46cd32d021-0/800/800', 'Rustic Bamboo Tuna image', 0),
  ('ea5b2e64-9733-48b2-8805-73c67ba1248b', '1f21e3f0-0e71-4646-a5d5-6e46cd32d021', 'https://picsum.photos/seed/1f21e3f0-0e71-4646-a5d5-6e46cd32d021-1/800/800', 'Fantastic Wooden Chair image', 1),
  ('a5fd35f8-495d-43f3-9ee7-2f509e7003f7', '1f21e3f0-0e71-4646-a5d5-6e46cd32d021', 'https://picsum.photos/seed/1f21e3f0-0e71-4646-a5d5-6e46cd32d021-2/800/800', 'Fantastic Granite Towels image', 2),
  ('2f0a3946-977b-49eb-bc9b-1ae1390a89f9', '0635dfca-6190-44ff-89c1-ccce79907af7', 'https://picsum.photos/seed/0635dfca-6190-44ff-89c1-ccce79907af7-0/800/800', 'Ergonomic Gold Shoes image', 0),
  ('0b5d44fb-d583-40e7-8f7e-b2634cd72f26', '0635dfca-6190-44ff-89c1-ccce79907af7', 'https://picsum.photos/seed/0635dfca-6190-44ff-89c1-ccce79907af7-1/800/800', 'Modern Marble Keyboard image', 1),
  ('f4d48ad5-c4ef-4bdc-a623-f901535ccacd', '0635dfca-6190-44ff-89c1-ccce79907af7', 'https://picsum.photos/seed/0635dfca-6190-44ff-89c1-ccce79907af7-2/800/800', 'Luxurious Cotton Ball image', 2),
  ('db6885fb-c91f-41ea-8c0c-fd93863f3a4e', 'c8287438-ae43-48bf-96b8-739b0c8a42d0', 'https://picsum.photos/seed/c8287438-ae43-48bf-96b8-739b0c8a42d0-0/800/800', 'Electronic Rubber Mouse image', 0),
  ('e238a6a1-7980-4167-ac6b-f8f40335eaf4', 'c8287438-ae43-48bf-96b8-739b0c8a42d0', 'https://picsum.photos/seed/c8287438-ae43-48bf-96b8-739b0c8a42d0-1/800/800', 'Practical Granite Chair image', 1),
  ('aec24d45-e5b4-47ed-88ef-0959bca7b5d4', 'c8287438-ae43-48bf-96b8-739b0c8a42d0', 'https://picsum.photos/seed/c8287438-ae43-48bf-96b8-739b0c8a42d0-2/800/800', 'Rustic Silk Shirt image', 2),
  ('4628073f-bbcd-49f2-8d5e-c2924843ecdc', 'd4fa6d1d-99dc-48d1-8339-9b0dbb0e4d3d', 'https://picsum.photos/seed/d4fa6d1d-99dc-48d1-8339-9b0dbb0e4d3d-0/800/800', 'Ergonomic Wooden Ball image', 0),
  ('0929d0b8-d30f-43f3-be6e-7a52f68f30d8', 'fa72b8a4-2be9-4db3-8824-6a605a0d0daa', 'https://picsum.photos/seed/fa72b8a4-2be9-4db3-8824-6a605a0d0daa-0/800/800', 'Frozen Bamboo Soap image', 0),
  ('e5f99f1e-155d-4d54-878c-e0307879a23e', 'fa72b8a4-2be9-4db3-8824-6a605a0d0daa', 'https://picsum.photos/seed/fa72b8a4-2be9-4db3-8824-6a605a0d0daa-1/800/800', 'Ergonomic Marble Cheese image', 1),
  ('6a3c4a16-43f0-4dbb-a051-47599f66688b', 'fa72b8a4-2be9-4db3-8824-6a605a0d0daa', 'https://picsum.photos/seed/fa72b8a4-2be9-4db3-8824-6a605a0d0daa-2/800/800', 'Incredible Rubber Shirt image', 2),
  ('ccc19173-075e-4a91-87c0-31035fe7a3e8', 'c36a8893-aa36-44c7-bff5-1622444db351', 'https://picsum.photos/seed/c36a8893-aa36-44c7-bff5-1622444db351-0/800/800', 'Fresh Granite Pizza image', 0),
  ('7607866f-aec0-47fa-8974-c6cae58222a4', 'c36a8893-aa36-44c7-bff5-1622444db351', 'https://picsum.photos/seed/c36a8893-aa36-44c7-bff5-1622444db351-1/800/800', 'Practical Ceramic Salad image', 1),
  ('6591e78b-b69d-4eb3-9833-041556d45264', 'ac9aa43d-c37d-41a8-b324-a1abbaf3bcc1', 'https://picsum.photos/seed/ac9aa43d-c37d-41a8-b324-a1abbaf3bcc1-0/800/800', 'Ergonomic Concrete Hat image', 0),
  ('3d998af0-5a43-4b3c-8644-4d207e4f6dcf', 'ac9aa43d-c37d-41a8-b324-a1abbaf3bcc1', 'https://picsum.photos/seed/ac9aa43d-c37d-41a8-b324-a1abbaf3bcc1-1/800/800', 'Sleek Rubber Bike image', 1),
  ('95dfa58f-c61c-4075-9c09-06f34689d4d2', '7ebc5f1e-557b-43aa-9cdc-50cdd12a8177', 'https://picsum.photos/seed/7ebc5f1e-557b-43aa-9cdc-50cdd12a8177-0/800/800', 'Practical Metal Tuna image', 0),
  ('026b7326-cf74-4d77-b797-567b62a37cb7', '7ebc5f1e-557b-43aa-9cdc-50cdd12a8177', 'https://picsum.photos/seed/7ebc5f1e-557b-43aa-9cdc-50cdd12a8177-1/800/800', 'Ergonomic Concrete Towels image', 1),
  ('093f248c-499f-4293-bd11-258775125ced', 'dc285b74-0da4-4000-92d8-bc2f62ffbdcb', 'https://picsum.photos/seed/dc285b74-0da4-4000-92d8-bc2f62ffbdcb-0/800/800', 'Licensed Granite Mouse image', 0),
  ('c110e0a0-0fde-4eed-bd7f-ebc56b12a20b', '9728d8fd-272d-450c-a156-611c736adc3b', 'https://picsum.photos/seed/9728d8fd-272d-450c-a156-611c736adc3b-0/800/800', 'Rustic Bamboo Soap image', 0),
  ('d3b51e04-70d2-46e7-ae77-3a26f4000af8', '644d62c7-d16b-4966-9984-c9e645d0b4bf', 'https://picsum.photos/seed/644d62c7-d16b-4966-9984-c9e645d0b4bf-0/800/800', 'Oriental Rubber Chicken image', 0),
  ('640d8e84-e428-4d51-a224-a2e6b463b0c2', '644d62c7-d16b-4966-9984-c9e645d0b4bf', 'https://picsum.photos/seed/644d62c7-d16b-4966-9984-c9e645d0b4bf-1/800/800', 'Fantastic Aluminum Car image', 1);

-- Inserting into product_variant_attributes
INSERT INTO "public"."product_variant_attributes" ("variant_id", "attribute_value_id") VALUES
  ('7efce902-e7de-4057-b768-3e8a5f712ff1', '291ed69b-75ef-44a1-9939-095bdcc79ed9'),
  ('7efce902-e7de-4057-b768-3e8a5f712ff1', '9575413a-651e-4371-b2b1-c14b0801a3ef'),
  ('7efce902-e7de-4057-b768-3e8a5f712ff1', '5f1b7cbb-4cdb-4a03-bb03-31e224bf4d36'),
  ('02a5c1ab-7776-4ac7-a552-59b67925d91d', '76ba7536-3f86-4701-b524-f98c312ffe69'),
  ('02a5c1ab-7776-4ac7-a552-59b67925d91d', '0223a133-5ce2-47eb-90da-b2c48f4c4618'),
  ('02a5c1ab-7776-4ac7-a552-59b67925d91d', '1d694d0b-1440-4575-8802-fb45b1563f8e'),
  ('808f7cbe-a2a9-42a9-844a-1da4629bc419', '7f01a973-00c5-4de9-bf99-1bbe56ce85d3'),
  ('808f7cbe-a2a9-42a9-844a-1da4629bc419', 'c69e0360-61df-4f43-8e87-88d456a07606'),
  ('808f7cbe-a2a9-42a9-844a-1da4629bc419', '17e1db49-bd51-4a2a-bac2-9f38bf8a6a58'),
  ('9843bdbc-c79c-4c20-aa6c-c63a890b41b4', '1d694d0b-1440-4575-8802-fb45b1563f8e'),
  ('9843bdbc-c79c-4c20-aa6c-c63a890b41b4', '10bd2081-f743-4c61-9a02-3a7405406729'),
  ('9843bdbc-c79c-4c20-aa6c-c63a890b41b4', '5981f921-e2e3-425f-b98c-f78fb945c0e2'),
  ('2644d53e-4fbf-4b4e-95df-2905bab738ab', 'd12711bf-8155-4333-9f51-d7e342ef3757'),
  ('2644d53e-4fbf-4b4e-95df-2905bab738ab', '1d694d0b-1440-4575-8802-fb45b1563f8e'),
  ('a3d23e3f-7eb9-4aa2-b99d-352fabcad669', '66fb27e8-f6de-4d81-94e8-e204d0ccd6a8'),
  ('2a09bf1d-9d8a-40b3-b36b-19f9e526dc5e', 'd12711bf-8155-4333-9f51-d7e342ef3757'),
  ('2507663e-3866-4859-a310-311650b334e2', '5f1b7cbb-4cdb-4a03-bb03-31e224bf4d36'),
  ('2507663e-3866-4859-a310-311650b334e2', '951d3563-165e-4283-8d53-23efda3c16ce'),
  ('2507663e-3866-4859-a310-311650b334e2', 'fec645e7-b1ac-4d4f-9cd5-ce490ae66227'),
  ('dfff4a1b-626f-4cb2-bca1-ee3d25dfbd7d', '259630a4-9471-43b6-9b15-638498f1d6cd'),
  ('dfff4a1b-626f-4cb2-bca1-ee3d25dfbd7d', 'fec645e7-b1ac-4d4f-9cd5-ce490ae66227'),
  ('bf2f24b1-da11-43f1-9f47-2adbf75c67e3', 'c69e0360-61df-4f43-8e87-88d456a07606'),
  ('032d7deb-3a13-4716-ac71-3f575c115614', '9575413a-651e-4371-b2b1-c14b0801a3ef'),
  ('032d7deb-3a13-4716-ac71-3f575c115614', '1cd190f6-55b9-423c-ae6c-60868d2e560c'),
  ('8c70d4a0-35fe-4c6a-8d48-6a8fe8a420fe', '10bd2081-f743-4c61-9a02-3a7405406729'),
  ('8c70d4a0-35fe-4c6a-8d48-6a8fe8a420fe', 'cbff69b1-cde3-4cb2-9641-7ae92a79f055'),
  ('16f85d1c-d1af-4334-9053-b1a3c03f37f5', 'd8dcc675-6b03-4b46-804b-a29813fd522b'),
  ('3f4617f9-0385-4098-9821-5a1afa9f49f6', '291ed69b-75ef-44a1-9939-095bdcc79ed9'),
  ('3f4617f9-0385-4098-9821-5a1afa9f49f6', 'd12711bf-8155-4333-9f51-d7e342ef3757'),
  ('98333cd5-14c7-41aa-b13b-abeb7a1845b1', '806ab052-3066-4024-a0bc-1b06892b9b4a'),
  ('98333cd5-14c7-41aa-b13b-abeb7a1845b1', '1d694d0b-1440-4575-8802-fb45b1563f8e'),
  ('98333cd5-14c7-41aa-b13b-abeb7a1845b1', 'cbff69b1-cde3-4cb2-9641-7ae92a79f055'),
  ('9a9e1782-8a29-4509-94ee-78d5784009cb', '5981f921-e2e3-425f-b98c-f78fb945c0e2'),
  ('38985e45-aca4-4691-a38b-f79618f89a36', 'd8dcc675-6b03-4b46-804b-a29813fd522b'),
  ('38985e45-aca4-4691-a38b-f79618f89a36', 'a8a0f592-9272-40e5-b82e-903e176bb992'),
  ('0cd314c6-030d-4fd4-b68f-0ef85fae7729', '76ba7536-3f86-4701-b524-f98c312ffe69'),
  ('0cd314c6-030d-4fd4-b68f-0ef85fae7729', 'bd821613-a0f2-47e8-b58a-d94131cc5d32'),
  ('71a549db-c385-4614-9f81-259674b9c0a3', 'bd821613-a0f2-47e8-b58a-d94131cc5d32'),
  ('71a549db-c385-4614-9f81-259674b9c0a3', '10bd2081-f743-4c61-9a02-3a7405406729'),
  ('d9e40a48-d9a4-40f1-aa27-050beec56296', '731c617c-e85e-40f9-8c41-d1bd5503074f'),
  ('d9e40a48-d9a4-40f1-aa27-050beec56296', '66fb27e8-f6de-4d81-94e8-e204d0ccd6a8'),
  ('d9e40a48-d9a4-40f1-aa27-050beec56296', 'c69e0360-61df-4f43-8e87-88d456a07606'),
  ('3e5531fa-d513-4ab1-9a5d-1cf125208c91', '1d694d0b-1440-4575-8802-fb45b1563f8e'),
  ('3e5531fa-d513-4ab1-9a5d-1cf125208c91', '17e1db49-bd51-4a2a-bac2-9f38bf8a6a58'),
  ('4c24d72e-2f84-4d2f-8bdd-2fca7398e13c', '3daf42d1-41de-4a93-917b-01de4ca8c2d1'),
  ('520d0021-6c44-4489-bdc7-e4c128cf8333', 'ded2fa49-49ba-4b69-afde-f853666a6594'),
  ('520d0021-6c44-4489-bdc7-e4c128cf8333', '291ed69b-75ef-44a1-9939-095bdcc79ed9'),
  ('520d0021-6c44-4489-bdc7-e4c128cf8333', 'd12711bf-8155-4333-9f51-d7e342ef3757'),
  ('b97b3ad0-5fc4-4926-941e-a67fb5003e0d', '7f01a973-00c5-4de9-bf99-1bbe56ce85d3'),
  ('b97b3ad0-5fc4-4926-941e-a67fb5003e0d', '5981f921-e2e3-425f-b98c-f78fb945c0e2'),
  ('b97b3ad0-5fc4-4926-941e-a67fb5003e0d', '1cd190f6-55b9-423c-ae6c-60868d2e560c'),
  ('c0898125-b6ae-4131-b6f2-c36a5d26efbc', 'c69e0360-61df-4f43-8e87-88d456a07606'),
  ('c0898125-b6ae-4131-b6f2-c36a5d26efbc', '76ba7536-3f86-4701-b524-f98c312ffe69'),
  ('c0898125-b6ae-4131-b6f2-c36a5d26efbc', '7c71c970-1a09-4146-84e6-c383ba622ac4'),
  ('a26aaff9-0078-4f40-846f-8f67b7245cc4', 'd8dcc675-6b03-4b46-804b-a29813fd522b'),
  ('a26aaff9-0078-4f40-846f-8f67b7245cc4', '951d3563-165e-4283-8d53-23efda3c16ce'),
  ('a26aaff9-0078-4f40-846f-8f67b7245cc4', '7c71c970-1a09-4146-84e6-c383ba622ac4'),
  ('f78f64b3-d676-4111-bd21-c10718403cd8', 'bd821613-a0f2-47e8-b58a-d94131cc5d32'),
  ('f78f64b3-d676-4111-bd21-c10718403cd8', '7c71c970-1a09-4146-84e6-c383ba622ac4'),
  ('f78f64b3-d676-4111-bd21-c10718403cd8', '78f5979f-90ae-4dcd-acc3-537814850e7e'),
  ('9b8b1e62-e49f-4350-b97f-dd6374cce2a6', '0223a133-5ce2-47eb-90da-b2c48f4c4618'),
  ('9b8b1e62-e49f-4350-b97f-dd6374cce2a6', '5981f921-e2e3-425f-b98c-f78fb945c0e2'),
  ('9b8b1e62-e49f-4350-b97f-dd6374cce2a6', '76ba7536-3f86-4701-b524-f98c312ffe69'),
  ('fbca1540-2a7c-4e81-a1cd-dd2e13a0d3e3', '5981f921-e2e3-425f-b98c-f78fb945c0e2'),
  ('fbca1540-2a7c-4e81-a1cd-dd2e13a0d3e3', '806ab052-3066-4024-a0bc-1b06892b9b4a'),
  ('fbca1540-2a7c-4e81-a1cd-dd2e13a0d3e3', '76ba7536-3f86-4701-b524-f98c312ffe69'),
  ('5cceea5e-6319-4618-96d4-8df3d2518c2b', '7f01a973-00c5-4de9-bf99-1bbe56ce85d3'),
  ('5cceea5e-6319-4618-96d4-8df3d2518c2b', '5f1b7cbb-4cdb-4a03-bb03-31e224bf4d36'),
  ('0c92c6f7-1e74-40ff-af6a-2032a59e9976', 'fec645e7-b1ac-4d4f-9cd5-ce490ae66227'),
  ('a1698733-6cfd-4fd3-9ea6-95285b7d1fb1', 'cbff69b1-cde3-4cb2-9641-7ae92a79f055'),
  ('e93b8e05-c53b-441e-b61e-e8b5bf9e83b6', '9575413a-651e-4371-b2b1-c14b0801a3ef'),
  ('e93b8e05-c53b-441e-b61e-e8b5bf9e83b6', '5d411e9d-01f1-4cea-ae64-a4e272bbd8a7'),
  ('e93b8e05-c53b-441e-b61e-e8b5bf9e83b6', '291ed69b-75ef-44a1-9939-095bdcc79ed9'),
  ('18c4e0de-d157-499d-a7c2-c3c5d13482ed', 'fec645e7-b1ac-4d4f-9cd5-ce490ae66227'),
  ('fb37e243-1ad4-461f-b670-c281df0af0e4', '9575413a-651e-4371-b2b1-c14b0801a3ef'),
  ('db44f545-9b68-4a68-a07b-ddf9d857166c', 'ded2fa49-49ba-4b69-afde-f853666a6594'),
  ('7da14fbe-ccee-41ef-873d-a6a09b2bf20d', 'd8dcc675-6b03-4b46-804b-a29813fd522b'),
  ('7da14fbe-ccee-41ef-873d-a6a09b2bf20d', '9575413a-651e-4371-b2b1-c14b0801a3ef'),
  ('7da14fbe-ccee-41ef-873d-a6a09b2bf20d', 'd12711bf-8155-4333-9f51-d7e342ef3757'),
  ('619dfe48-9c3a-43cb-bf30-2be7e2e286c2', '7f01a973-00c5-4de9-bf99-1bbe56ce85d3'),
  ('619dfe48-9c3a-43cb-bf30-2be7e2e286c2', '5981f921-e2e3-425f-b98c-f78fb945c0e2'),
  ('619dfe48-9c3a-43cb-bf30-2be7e2e286c2', '1cd190f6-55b9-423c-ae6c-60868d2e560c'),
  ('be3a8f1b-6fdb-4454-9604-b6bf6c0122f5', '1d694d0b-1440-4575-8802-fb45b1563f8e'),
  ('be3a8f1b-6fdb-4454-9604-b6bf6c0122f5', '76ba7536-3f86-4701-b524-f98c312ffe69'),
  ('96432d3f-4070-4944-82ec-1784280d6cbe', 'fec645e7-b1ac-4d4f-9cd5-ce490ae66227'),
  ('96432d3f-4070-4944-82ec-1784280d6cbe', 'cbff69b1-cde3-4cb2-9641-7ae92a79f055'),
  ('96432d3f-4070-4944-82ec-1784280d6cbe', '17e1db49-bd51-4a2a-bac2-9f38bf8a6a58'),
  ('50fdc48a-4c0e-4878-8d67-1dc6c6bfdcac', '44632c61-2013-4359-b4ec-f0dce7d3b552'),
  ('50fdc48a-4c0e-4878-8d67-1dc6c6bfdcac', 'bd821613-a0f2-47e8-b58a-d94131cc5d32'),
  ('75ba3aa6-354b-487a-a13b-b186971fa08e', '76ba7536-3f86-4701-b524-f98c312ffe69'),
  ('75ba3aa6-354b-487a-a13b-b186971fa08e', '78f5979f-90ae-4dcd-acc3-537814850e7e'),
  ('cb88f1a1-5807-4324-ad65-9c06bd62f64f', '17e1db49-bd51-4a2a-bac2-9f38bf8a6a58'),
  ('5421b1b3-87a4-490f-8bb3-5d203d6588c8', '1d694d0b-1440-4575-8802-fb45b1563f8e'),
  ('f75daf1b-acdf-45fc-b77a-7b9e183c025e', '5981f921-e2e3-425f-b98c-f78fb945c0e2'),
  ('f75daf1b-acdf-45fc-b77a-7b9e183c025e', '291ed69b-75ef-44a1-9939-095bdcc79ed9'),
  ('76fe65ca-a3f7-427d-bf53-f17b754440bb', 'fec645e7-b1ac-4d4f-9cd5-ce490ae66227'),
  ('76fe65ca-a3f7-427d-bf53-f17b754440bb', 'bd821613-a0f2-47e8-b58a-d94131cc5d32'),
  ('76fe65ca-a3f7-427d-bf53-f17b754440bb', '17e1db49-bd51-4a2a-bac2-9f38bf8a6a58'),
  ('23129c71-be9b-4716-97a6-8bf114d83681', 'ded2fa49-49ba-4b69-afde-f853666a6594'),
  ('23129c71-be9b-4716-97a6-8bf114d83681', 'cbff69b1-cde3-4cb2-9641-7ae92a79f055'),
  ('0771759b-9947-45e9-a058-f5a838fe00fc', '1cd190f6-55b9-423c-ae6c-60868d2e560c'),
  ('0771759b-9947-45e9-a058-f5a838fe00fc', 'a8a0f592-9272-40e5-b82e-903e176bb992'),
  ('753d8418-f6ed-42e9-bc27-6311c4f98302', 'a8a0f592-9272-40e5-b82e-903e176bb992'),
  ('753d8418-f6ed-42e9-bc27-6311c4f98302', '10bd2081-f743-4c61-9a02-3a7405406729'),
  ('f55f53cf-b377-4c0a-b19b-9749d13276dd', 'bd821613-a0f2-47e8-b58a-d94131cc5d32'),
  ('f55f53cf-b377-4c0a-b19b-9749d13276dd', '9575413a-651e-4371-b2b1-c14b0801a3ef'),
  ('e89f9870-e04d-43c4-9baa-faf931b228d6', 'cbff69b1-cde3-4cb2-9641-7ae92a79f055'),
  ('e89f9870-e04d-43c4-9baa-faf931b228d6', '78f5979f-90ae-4dcd-acc3-537814850e7e'),
  ('fdc21a3f-016d-47bf-88d6-1e7048deae5f', '76ba7536-3f86-4701-b524-f98c312ffe69'),
  ('fdc21a3f-016d-47bf-88d6-1e7048deae5f', 'f4bebe72-7f73-4598-9034-0cb4036e6a62'),
  ('fdc21a3f-016d-47bf-88d6-1e7048deae5f', 'bd821613-a0f2-47e8-b58a-d94131cc5d32'),
  ('97fdf797-aa06-4c63-95f2-608a666e27da', '291ed69b-75ef-44a1-9939-095bdcc79ed9'),
  ('97fdf797-aa06-4c63-95f2-608a666e27da', '5981f921-e2e3-425f-b98c-f78fb945c0e2'),
  ('97fdf797-aa06-4c63-95f2-608a666e27da', '7f01a973-00c5-4de9-bf99-1bbe56ce85d3'),
  ('c1961c3e-5e05-4aea-bf12-a4e582a13f8a', '0223a133-5ce2-47eb-90da-b2c48f4c4618'),
  ('c1961c3e-5e05-4aea-bf12-a4e582a13f8a', 'f4bebe72-7f73-4598-9034-0cb4036e6a62'),
  ('c1961c3e-5e05-4aea-bf12-a4e582a13f8a', '5d411e9d-01f1-4cea-ae64-a4e272bbd8a7'),
  ('c679a7a5-94d8-4754-8475-43d02fb6685d', '5981f921-e2e3-425f-b98c-f78fb945c0e2'),
  ('ffc3a072-b78e-4555-bcd6-e6e2f3e00484', '731c617c-e85e-40f9-8c41-d1bd5503074f'),
  ('ffc3a072-b78e-4555-bcd6-e6e2f3e00484', 'fec645e7-b1ac-4d4f-9cd5-ce490ae66227'),
  ('36869419-c93d-4a75-b8c3-8baedebd59c3', 'fec645e7-b1ac-4d4f-9cd5-ce490ae66227'),
  ('010d6610-c8b5-4aa4-ae40-fb5814b78660', '1d694d0b-1440-4575-8802-fb45b1563f8e'),
  ('b28dc7bb-c95c-43ab-b24d-fcbd104c98f2', 'ded2fa49-49ba-4b69-afde-f853666a6594'),
  ('b28dc7bb-c95c-43ab-b24d-fcbd104c98f2', '78f5979f-90ae-4dcd-acc3-537814850e7e'),
  ('b28dc7bb-c95c-43ab-b24d-fcbd104c98f2', '17e1db49-bd51-4a2a-bac2-9f38bf8a6a58'),
  ('f1a46f61-6620-44e1-bf06-c1e9662b6072', 'cbff69b1-cde3-4cb2-9641-7ae92a79f055'),
  ('f1a46f61-6620-44e1-bf06-c1e9662b6072', 'f4bebe72-7f73-4598-9034-0cb4036e6a62'),
  ('a7cbf8f8-c2cf-4497-862a-1b5d1eaf2289', '7c71c970-1a09-4146-84e6-c383ba622ac4'),
  ('a7cbf8f8-c2cf-4497-862a-1b5d1eaf2289', 'fec645e7-b1ac-4d4f-9cd5-ce490ae66227'),
  ('27cd5066-35dd-49d3-b538-160145d90773', 'a8a0f592-9272-40e5-b82e-903e176bb992'),
  ('b755e961-f9cb-4f7f-9d11-e3137d2fcc9f', '7f01a973-00c5-4de9-bf99-1bbe56ce85d3'),
  ('b755e961-f9cb-4f7f-9d11-e3137d2fcc9f', '78f5979f-90ae-4dcd-acc3-537814850e7e'),
  ('b755e961-f9cb-4f7f-9d11-e3137d2fcc9f', 'cbff69b1-cde3-4cb2-9641-7ae92a79f055'),
  ('0308176f-300b-4ed4-9a8d-1d32f1158b8d', '3daf42d1-41de-4a93-917b-01de4ca8c2d1'),
  ('0308176f-300b-4ed4-9a8d-1d32f1158b8d', 'f4bebe72-7f73-4598-9034-0cb4036e6a62'),
  ('0308176f-300b-4ed4-9a8d-1d32f1158b8d', 'd8dcc675-6b03-4b46-804b-a29813fd522b'),
  ('110ee1be-a882-4494-8b89-62cfbd70529d', '731c617c-e85e-40f9-8c41-d1bd5503074f'),
  ('110ee1be-a882-4494-8b89-62cfbd70529d', '259630a4-9471-43b6-9b15-638498f1d6cd'),
  ('293b4ad7-4ec5-4bd2-bac9-df2d820b2dc8', '3daf42d1-41de-4a93-917b-01de4ca8c2d1'),
  ('293b4ad7-4ec5-4bd2-bac9-df2d820b2dc8', '17e1db49-bd51-4a2a-bac2-9f38bf8a6a58'),
  ('293b4ad7-4ec5-4bd2-bac9-df2d820b2dc8', '66fb27e8-f6de-4d81-94e8-e204d0ccd6a8'),
  ('0cabd2fd-fbc4-48b0-8e95-2354db26f6c1', '76ba7536-3f86-4701-b524-f98c312ffe69'),
  ('0cabd2fd-fbc4-48b0-8e95-2354db26f6c1', '0223a133-5ce2-47eb-90da-b2c48f4c4618'),
  ('fd444ba6-b326-449c-a8a3-717269103d58', '66fb27e8-f6de-4d81-94e8-e204d0ccd6a8'),
  ('fd444ba6-b326-449c-a8a3-717269103d58', '5d411e9d-01f1-4cea-ae64-a4e272bbd8a7'),
  ('ca143d85-1ed7-4eba-94d8-e0069b33962d', '291ed69b-75ef-44a1-9939-095bdcc79ed9'),
  ('ca143d85-1ed7-4eba-94d8-e0069b33962d', '806ab052-3066-4024-a0bc-1b06892b9b4a'),
  ('ca143d85-1ed7-4eba-94d8-e0069b33962d', '9575413a-651e-4371-b2b1-c14b0801a3ef'),
  ('81264159-51ff-4913-b4f1-2dcf134532d9', '10bd2081-f743-4c61-9a02-3a7405406729'),
  ('3f398b5b-3a1f-4007-a76c-a1b57c87815b', '5981f921-e2e3-425f-b98c-f78fb945c0e2'),
  ('77c2c5e5-312d-4d3e-8b84-9538523a6ab5', '7c71c970-1a09-4146-84e6-c383ba622ac4'),
  ('77c2c5e5-312d-4d3e-8b84-9538523a6ab5', '1cd190f6-55b9-423c-ae6c-60868d2e560c'),
  ('6db7bfd1-95fc-419e-9646-cd8663b3d20d', '7f01a973-00c5-4de9-bf99-1bbe56ce85d3'),
  ('6db7bfd1-95fc-419e-9646-cd8663b3d20d', '10bd2081-f743-4c61-9a02-3a7405406729'),
  ('6db7bfd1-95fc-419e-9646-cd8663b3d20d', 'ea623226-d7e2-4492-9ec6-872ae04c7421'),
  ('c2e8935c-732d-4003-a73e-774de673d56f', 'bd821613-a0f2-47e8-b58a-d94131cc5d32'),
  ('c2e8935c-732d-4003-a73e-774de673d56f', '44632c61-2013-4359-b4ec-f0dce7d3b552'),
  ('c2e8935c-732d-4003-a73e-774de673d56f', 'fec645e7-b1ac-4d4f-9cd5-ce490ae66227'),
  ('72065bc9-0bc4-4d52-9f40-74ffa97bc7fe', 'a8a0f592-9272-40e5-b82e-903e176bb992'),
  ('f8a68d82-f9ef-45ab-b204-db627f468f06', '3daf42d1-41de-4a93-917b-01de4ca8c2d1'),
  ('f8a68d82-f9ef-45ab-b204-db627f468f06', '10bd2081-f743-4c61-9a02-3a7405406729'),
  ('f8a68d82-f9ef-45ab-b204-db627f468f06', '76ba7536-3f86-4701-b524-f98c312ffe69'),
  ('beacf324-a61a-48c2-8798-8df128fe6b01', 'cbff69b1-cde3-4cb2-9641-7ae92a79f055'),
  ('5fa63739-1f87-4356-97b1-2199eeab0d5e', '259630a4-9471-43b6-9b15-638498f1d6cd'),
  ('df63a60a-59a4-439e-8189-8b897f8be2e5', '66fb27e8-f6de-4d81-94e8-e204d0ccd6a8'),
  ('df63a60a-59a4-439e-8189-8b897f8be2e5', '1d694d0b-1440-4575-8802-fb45b1563f8e'),
  ('df63a60a-59a4-439e-8189-8b897f8be2e5', 'c69e0360-61df-4f43-8e87-88d456a07606'),
  ('a34d7d55-0d98-41f2-8329-a8b5a0d0418e', '76ba7536-3f86-4701-b524-f98c312ffe69'),
  ('a34d7d55-0d98-41f2-8329-a8b5a0d0418e', 'a8a0f592-9272-40e5-b82e-903e176bb992'),
  ('3634f027-c393-4e11-a116-0c1c8c1a251c', '17e1db49-bd51-4a2a-bac2-9f38bf8a6a58'),
  ('3634f027-c393-4e11-a116-0c1c8c1a251c', 'bd821613-a0f2-47e8-b58a-d94131cc5d32'),
  ('ad9e6f32-76d0-481a-a3de-8e1eec903e04', 'ded2fa49-49ba-4b69-afde-f853666a6594'),
  ('ad9e6f32-76d0-481a-a3de-8e1eec903e04', '5d411e9d-01f1-4cea-ae64-a4e272bbd8a7'),
  ('ad9e6f32-76d0-481a-a3de-8e1eec903e04', '1d694d0b-1440-4575-8802-fb45b1563f8e'),
  ('53a2f1b6-1d0b-4370-b572-fed1c65862d5', '10bd2081-f743-4c61-9a02-3a7405406729'),
  ('ee70f1e1-c791-4c25-bd91-42b2f86130ab', '10bd2081-f743-4c61-9a02-3a7405406729'),
  ('a222e0de-4b13-45e0-9a39-7ddf1a6e139f', '0223a133-5ce2-47eb-90da-b2c48f4c4618'),
  ('a222e0de-4b13-45e0-9a39-7ddf1a6e139f', 'a8a0f592-9272-40e5-b82e-903e176bb992'),
  ('a222e0de-4b13-45e0-9a39-7ddf1a6e139f', '44632c61-2013-4359-b4ec-f0dce7d3b552'),
  ('06933c87-80c8-4d07-af85-8cceb876d397', '10bd2081-f743-4c61-9a02-3a7405406729'),
  ('1f21e3f0-0e71-4646-a5d5-6e46cd32d021', '10bd2081-f743-4c61-9a02-3a7405406729'),
  ('1f21e3f0-0e71-4646-a5d5-6e46cd32d021', '3daf42d1-41de-4a93-917b-01de4ca8c2d1'),
  ('1f21e3f0-0e71-4646-a5d5-6e46cd32d021', '291ed69b-75ef-44a1-9939-095bdcc79ed9'),
  ('0635dfca-6190-44ff-89c1-ccce79907af7', '7c71c970-1a09-4146-84e6-c383ba622ac4'),
  ('c8287438-ae43-48bf-96b8-739b0c8a42d0', '3daf42d1-41de-4a93-917b-01de4ca8c2d1'),
  ('c8287438-ae43-48bf-96b8-739b0c8a42d0', '76ba7536-3f86-4701-b524-f98c312ffe69'),
  ('d4fa6d1d-99dc-48d1-8339-9b0dbb0e4d3d', '1d694d0b-1440-4575-8802-fb45b1563f8e'),
  ('d4fa6d1d-99dc-48d1-8339-9b0dbb0e4d3d', 'cbff69b1-cde3-4cb2-9641-7ae92a79f055'),
  ('d4fa6d1d-99dc-48d1-8339-9b0dbb0e4d3d', '5d411e9d-01f1-4cea-ae64-a4e272bbd8a7'),
  ('fa72b8a4-2be9-4db3-8824-6a605a0d0daa', '17e1db49-bd51-4a2a-bac2-9f38bf8a6a58'),
  ('fa72b8a4-2be9-4db3-8824-6a605a0d0daa', '5d411e9d-01f1-4cea-ae64-a4e272bbd8a7'),
  ('c36a8893-aa36-44c7-bff5-1622444db351', '1cd190f6-55b9-423c-ae6c-60868d2e560c'),
  ('c36a8893-aa36-44c7-bff5-1622444db351', '5d411e9d-01f1-4cea-ae64-a4e272bbd8a7'),
  ('c36a8893-aa36-44c7-bff5-1622444db351', 'ea623226-d7e2-4492-9ec6-872ae04c7421'),
  ('ac9aa43d-c37d-41a8-b324-a1abbaf3bcc1', '731c617c-e85e-40f9-8c41-d1bd5503074f'),
  ('ac9aa43d-c37d-41a8-b324-a1abbaf3bcc1', 'a8a0f592-9272-40e5-b82e-903e176bb992'),
  ('ac9aa43d-c37d-41a8-b324-a1abbaf3bcc1', 'ea623226-d7e2-4492-9ec6-872ae04c7421'),
  ('7ebc5f1e-557b-43aa-9cdc-50cdd12a8177', '9575413a-651e-4371-b2b1-c14b0801a3ef'),
  ('7ebc5f1e-557b-43aa-9cdc-50cdd12a8177', '76ba7536-3f86-4701-b524-f98c312ffe69'),
  ('dc285b74-0da4-4000-92d8-bc2f62ffbdcb', '78f5979f-90ae-4dcd-acc3-537814850e7e'),
  ('9728d8fd-272d-450c-a156-611c736adc3b', '17e1db49-bd51-4a2a-bac2-9f38bf8a6a58'),
  ('9728d8fd-272d-450c-a156-611c736adc3b', '76ba7536-3f86-4701-b524-f98c312ffe69'),
  ('9728d8fd-272d-450c-a156-611c736adc3b', '44632c61-2013-4359-b4ec-f0dce7d3b552'),
  ('644d62c7-d16b-4966-9984-c9e645d0b4bf', 'ea623226-d7e2-4492-9ec6-872ae04c7421'),
  ('644d62c7-d16b-4966-9984-c9e645d0b4bf', '1cd190f6-55b9-423c-ae6c-60868d2e560c'),
  ('644d62c7-d16b-4966-9984-c9e645d0b4bf', 'ded2fa49-49ba-4b69-afde-f853666a6594');

-- Inserting into discounts
INSERT INTO "public"."discounts" ("id", "code", "description", "discount_type", "value", "active", "starts_at", "ends_at") VALUES
  ('622b429e-3cfb-4b22-8a4c-f1eef88b7690', 'WELCOME2025', 'New Year Sale', 'percentage', 15, TRUE, '2025-12-07T09:50:55.940Z', '2026-12-07T09:50:55.940Z');

-- Inserting into discount_products
INSERT INTO "public"."discount_products" ("discount_id", "product_id") VALUES
  ('622b429e-3cfb-4b22-8a4c-f1eef88b7690', '12719d88-6b47-4031-9093-328ad9596427'),
  ('622b429e-3cfb-4b22-8a4c-f1eef88b7690', '5a3578b6-ec80-4145-b5e4-ac4ed84aa2f1'),
  ('622b429e-3cfb-4b22-8a4c-f1eef88b7690', 'b737f4cd-29ff-46e4-85b4-22e6a8e54cf5'),
  ('622b429e-3cfb-4b22-8a4c-f1eef88b7690', '87e43895-d631-4613-8a02-5c71ab8b3e70'),
  ('622b429e-3cfb-4b22-8a4c-f1eef88b7690', 'f5c45e1c-50ca-4312-beb6-32c7427e6fb2'),
  ('622b429e-3cfb-4b22-8a4c-f1eef88b7690', 'c739e606-6c0d-4424-8fa5-335ba4259674'),
  ('622b429e-3cfb-4b22-8a4c-f1eef88b7690', 'f0e17326-2417-438f-9737-d700947cd5c4'),
  ('622b429e-3cfb-4b22-8a4c-f1eef88b7690', 'fcaedc36-7b23-4e17-8e46-42373e025178'),
  ('622b429e-3cfb-4b22-8a4c-f1eef88b7690', '4b75343c-fb92-4313-9617-a357074fe585'),
  ('622b429e-3cfb-4b22-8a4c-f1eef88b7690', 'ebcbacab-9070-44b2-af56-dee0aa19f243');

