-- Auto-generated seed data
-- Generated at: 2025-12-13T18:34:27.478Z
-- Run this in Supabase SQL Editor to populate your DB

-- Inserting into categories
INSERT INTO "public"."categories" ("id", "name", "slug", "image_url", "is_featured", "sort_order") VALUES
  ('5cc9e8ca-2aaf-4ded-8327-fa4ab7e383e6', 'Toys', 'toys-jfy', 'https://picsum.photos/seed/cat-0/600/800', TRUE, 0),
  ('3de11bd1-6d41-43a5-883c-c23f40e318e9', 'Health', 'health-O2A', 'https://picsum.photos/seed/cat-1/600/800', TRUE, 1),
  ('bcba89f4-8274-4045-8c4c-d2d14657aa78', 'Games', 'games-jRN', 'https://picsum.photos/seed/cat-2/600/800', TRUE, 2),
  ('cd6bc2d6-4b95-4897-8fa4-07c9c674c610', 'Electronics', 'electronics-oCE', 'https://picsum.photos/seed/cat-3/600/800', TRUE, 3),
  ('6413a328-f1a1-439b-9232-d5dbae534d96', 'Baby', 'baby-s0v', 'https://picsum.photos/seed/cat-4/600/800', TRUE, 4),
  ('a2613281-f33e-4e85-87a6-ec0552e66ea4', 'Kids', 'kids-c8b', 'https://picsum.photos/seed/cat-5/600/800', FALSE, 5),
  ('38304c2e-9eb7-460e-85d9-42dc96c7e21f', 'Home', 'home-GAP', 'https://picsum.photos/seed/cat-6/600/800', FALSE, 6),
  ('04d00dba-a034-47d9-9b3e-439ec7bf1b6f', 'Jewelry', 'jewelry-1pA', 'https://picsum.photos/seed/cat-7/600/800', FALSE, 7);

-- Inserting into attributes
INSERT INTO "public"."attributes" ("id", "name", "slug", "category_id") VALUES
  ('3e50fd85-d33a-4d25-a341-91f1da335768', 'Color', 'color', '5cc9e8ca-2aaf-4ded-8327-fa4ab7e383e6'),
  ('543430c9-1173-402b-876c-871f48b5730f', 'Size', 'size', '38304c2e-9eb7-460e-85d9-42dc96c7e21f'),
  ('a986ddc4-d079-4eb6-8eb8-1260e5f8f3c9', 'Storage', 'storage', '3de11bd1-6d41-43a5-883c-c23f40e318e9'),
  ('606c1b39-0a3b-484f-af2b-d43c71c7fe24', 'RAM', 'ram', '3de11bd1-6d41-43a5-883c-c23f40e318e9'),
  ('38cc3378-ceb1-481c-845b-896ac07ecc86', 'Material', 'material', 'bcba89f4-8274-4045-8c4c-d2d14657aa78'),
  ('71c38bf8-d8bf-4a7a-a1d9-3618f5604a57', 'Screen Size', 'screen-size', '3de11bd1-6d41-43a5-883c-c23f40e318e9');

-- Inserting into attribute_values
INSERT INTO "public"."attribute_values" ("id", "attribute_id", "value") VALUES
  ('fb44de37-bf2a-4ab6-94fb-da9d28366b7e', '3e50fd85-d33a-4d25-a341-91f1da335768', 'Black'),
  ('26599ad9-7829-44b6-b37d-0270100d6bc0', '3e50fd85-d33a-4d25-a341-91f1da335768', 'White'),
  ('a75c2c47-7f1c-463c-abbd-e35f880e98bf', '3e50fd85-d33a-4d25-a341-91f1da335768', 'Midnight Blue'),
  ('5a297dcf-3f0c-4c6a-b994-6e6ecc0f2fe9', '3e50fd85-d33a-4d25-a341-91f1da335768', 'Space Gray'),
  ('73c09b78-ede0-4bd4-9e6e-b543bd5d7efe', '3e50fd85-d33a-4d25-a341-91f1da335768', 'Silver'),
  ('3a9b5c67-24ed-4f58-aa5b-44708b9a44e6', '3e50fd85-d33a-4d25-a341-91f1da335768', 'Gold'),
  ('2d6d724c-753c-42ef-b6d0-157ba59893b0', '3e50fd85-d33a-4d25-a341-91f1da335768', 'Red'),
  ('84eca9b4-ea14-4256-a8be-ca237546a610', '543430c9-1173-402b-876c-871f48b5730f', 'XS'),
  ('ec9dee75-1efa-4487-a04c-da65e8329a7c', '543430c9-1173-402b-876c-871f48b5730f', 'S'),
  ('18a3ee57-383d-4d1a-8862-61334409f46c', '543430c9-1173-402b-876c-871f48b5730f', 'M'),
  ('cfb42beb-6592-408d-aebc-d735b4525568', '543430c9-1173-402b-876c-871f48b5730f', 'L'),
  ('a0c423b3-2875-4020-a3b7-593c3606e8da', '543430c9-1173-402b-876c-871f48b5730f', 'XL'),
  ('b1228d20-3093-4e38-becd-650f8be1c6a7', '543430c9-1173-402b-876c-871f48b5730f', 'XXL'),
  ('e24cb54a-1922-4f85-a7eb-a275571c61a5', 'a986ddc4-d079-4eb6-8eb8-1260e5f8f3c9', '64GB'),
  ('5e82f41b-038a-4fb6-ba9b-9e6610341bfc', 'a986ddc4-d079-4eb6-8eb8-1260e5f8f3c9', '128GB'),
  ('eaca6708-7e10-4101-9e72-5fff46c54ecb', 'a986ddc4-d079-4eb6-8eb8-1260e5f8f3c9', '256GB'),
  ('43bb7e23-eefc-472e-ba0e-7831fd82ad21', 'a986ddc4-d079-4eb6-8eb8-1260e5f8f3c9', '512GB'),
  ('4ceb2d83-016d-4902-ac7a-10f8b8282804', 'a986ddc4-d079-4eb6-8eb8-1260e5f8f3c9', '1TB'),
  ('066fd848-bf88-4619-8cc8-8fe3b394c0bb', '606c1b39-0a3b-484f-af2b-d43c71c7fe24', '8GB'),
  ('d6ad447f-6efa-46ba-81cf-9b240f2743ea', '606c1b39-0a3b-484f-af2b-d43c71c7fe24', '16GB'),
  ('fa2fb904-7b91-4015-a2ce-ea8fc2e00105', '606c1b39-0a3b-484f-af2b-d43c71c7fe24', '32GB'),
  ('0fd2234f-f947-487a-acfa-32bcc4d3b682', '606c1b39-0a3b-484f-af2b-d43c71c7fe24', '64GB'),
  ('f5aadddd-93f4-4949-a38a-35a6dc848a82', '38cc3378-ceb1-481c-845b-896ac07ecc86', 'Cotton'),
  ('eb9938ac-9000-4da7-878f-b049b62f5501', '38cc3378-ceb1-481c-845b-896ac07ecc86', 'Polyester'),
  ('1fe698b7-665b-4585-8465-364d8b93db68', '38cc3378-ceb1-481c-845b-896ac07ecc86', 'Leather'),
  ('e69e72f8-46dd-4976-aa64-ac75b5a4d26d', '38cc3378-ceb1-481c-845b-896ac07ecc86', 'Metal'),
  ('3b1da3f5-f51a-4d70-83b4-8655fcb0d8c2', '38cc3378-ceb1-481c-845b-896ac07ecc86', 'Plastic'),
  ('3a3b29f7-110f-47ce-a076-cb25d3cdbfbb', '71c38bf8-d8bf-4a7a-a1d9-3618f5604a57', '13"'),
  ('f920ca95-0b08-4958-bbdc-7ad5809ba3fd', '71c38bf8-d8bf-4a7a-a1d9-3618f5604a57', '14"'),
  ('e73e9fcd-78fa-4855-8383-7465affdca18', '71c38bf8-d8bf-4a7a-a1d9-3618f5604a57', '15"'),
  ('3c1f3807-7e08-4f1c-b675-0ca98d6904f1', '71c38bf8-d8bf-4a7a-a1d9-3618f5604a57', '16"'),
  ('b0bb1d0a-b10e-4e12-af40-6060941348ad', '71c38bf8-d8bf-4a7a-a1d9-3618f5604a57', '24"'),
  ('a31026c7-e8a9-40fa-9170-bd1d7729ae42', '71c38bf8-d8bf-4a7a-a1d9-3618f5604a57', '27"');

-- Inserting into products
INSERT INTO "public"."products" ("id", "title", "description", "category_id", "slug", "average_rating", "reviews_count", "is_featured") VALUES
  ('ba8970e3-25a1-4376-930b-24b5fc8434a9', 'Generic Concrete Bacon', 'New ivory Shoes with ergonomic design for glass comfort', '5cc9e8ca-2aaf-4ded-8327-fa4ab7e383e6', NULL, 4.59, 287, FALSE),
  ('619c89b0-c168-4aaf-819b-5bab097eed9a', 'Licensed Aluminum Shirt', 'Innovative Computer featuring amused technology and Aluminum construction', '3de11bd1-6d41-43a5-883c-c23f40e318e9', NULL, 4.23, 78, FALSE),
  ('bf1a413e-0911-4d5f-8c63-8bf168409fee', 'Handcrafted Steel Chair', 'Our ostrich-friendly Fish ensures complicated comfort for your pets', '5cc9e8ca-2aaf-4ded-8327-fa4ab7e383e6', NULL, 4.94, 9, FALSE),
  ('642a4a6d-b748-4a43-8e40-7c0d0574702d', 'Electronic Rubber Keyboard', 'Ergonomic Ball made with Silk for all-day wrong support', '5cc9e8ca-2aaf-4ded-8327-fa4ab7e383e6', NULL, 4.14, 171, FALSE),
  ('6417ecd0-d356-4896-a1ab-bc915ce52414', 'Modern Marble Sausages', 'Mosciski Group''s most advanced Shoes technology increases partial capabilities', '6413a328-f1a1-439b-9232-d5dbae534d96', NULL, 4.36, 157, FALSE),
  ('0de5e484-dde4-45ea-86e7-24326e0c6df9', 'Fresh Granite Shirt', 'Ergonomic Soap made with Ceramic for all-day inexperienced support', '04d00dba-a034-47d9-9b3e-439ec7bf1b6f', NULL, 4.94, 137, FALSE),
  ('4d90b51f-5b79-4f2d-82d5-5e06f9e893dd', 'Gorgeous Wooden Hat', 'Professional-grade Gloves perfect for dutiful training and recreational use', 'bcba89f4-8274-4045-8c4c-d2d14657aa78', NULL, 4.6, 387, TRUE),
  ('f15c4450-b213-44aa-89ef-4b05e98c65cf', 'Awesome Steel Hat', 'New sky blue Mouse with ergonomic design for mundane comfort', '6413a328-f1a1-439b-9232-d5dbae534d96', NULL, 3.89, 451, FALSE),
  ('9d2b3a6a-3053-4a4d-9c1e-0a97eca13865', 'Awesome Aluminum Gloves', 'Professional-grade Tuna perfect for happy-go-lucky training and recreational use', '38304c2e-9eb7-460e-85d9-42dc96c7e21f', NULL, 4.32, 398, FALSE),
  ('ed433c1e-e1a2-4e5b-9c8e-6dade7916969', 'Elegant Bronze Tuna', 'The Digitized logistical task-force Salad offers reliable performance and drab design', '6413a328-f1a1-439b-9232-d5dbae534d96', NULL, 3.72, 355, FALSE),
  ('13206f8c-4fea-4191-92da-a5c81e765d8c', 'Handmade Silk Bacon', 'Savor the zesty essence in our Hat, designed for ultimate culinary adventures', '04d00dba-a034-47d9-9b3e-439ec7bf1b6f', NULL, 4.94, 302, FALSE),
  ('fbe46b63-7599-4b5e-8762-f145a4c100d8', 'Fantastic Wooden Car', 'Featuring Samarium-enhanced technology, our Keyboard offers unparalleled tiny performance', '38304c2e-9eb7-460e-85d9-42dc96c7e21f', NULL, 4.56, 479, TRUE),
  ('abbb471c-adbb-447c-a390-dc0333263120', 'Rustic Cotton Chicken', 'The Digitized needs-based analyzer Gloves offers reliable performance and celebrated design', '04d00dba-a034-47d9-9b3e-439ec7bf1b6f', NULL, 3.57, 114, FALSE),
  ('e9c46c9f-9770-42ca-a8ca-759f37994f2d', 'Elegant Metal Computer', 'Savor the rich essence in our Pants, designed for flowery culinary adventures', '3de11bd1-6d41-43a5-883c-c23f40e318e9', NULL, 4.22, 86, FALSE),
  ('439dab0e-4546-4458-a2dc-32b99ca7b70a', 'Tasty Gold Car', 'Featuring Uranium-enhanced technology, our Shirt offers unparalleled prestigious performance', '6413a328-f1a1-439b-9232-d5dbae534d96', NULL, 4.27, 24, FALSE),
  ('69ff7256-847c-4912-97f1-454b1b545e76', 'Practical Rubber Hat', 'The Universal homogeneous pricing structure Bike offers reliable performance and bossy design', '3de11bd1-6d41-43a5-883c-c23f40e318e9', NULL, 3.57, 444, FALSE),
  ('e77d992a-aa4b-43c7-b5b5-d860e081bb74', 'Bespoke Gold Bacon', 'The Megane Car is the latest in a series of blind products from Goldner - Hoppe', '3de11bd1-6d41-43a5-883c-c23f40e318e9', NULL, 3.8, 42, FALSE),
  ('7a92313d-c18f-4ff6-9a24-4e3261ba37a8', 'Fantastic Steel Chicken', 'Featuring Francium-enhanced technology, our Cheese offers unparalleled courteous performance', '3de11bd1-6d41-43a5-883c-c23f40e318e9', NULL, 4.61, 21, FALSE),
  ('05604855-9be9-4ea9-ab5e-7a89584307cc', 'Handmade Aluminum Pizza', 'Practical Chair designed with Cotton for impolite performance', '04d00dba-a034-47d9-9b3e-439ec7bf1b6f', NULL, 4.16, 76, FALSE),
  ('a328e098-115c-4ca9-aeed-678e2abe04ce', 'Handcrafted Steel Sausages', 'Durgan LLC''s most advanced Bacon technology increases feline capabilities', 'a2613281-f33e-4e85-87a6-ec0552e66ea4', NULL, 4.01, 439, FALSE),
  ('37059470-efc1-4f13-9bb3-705c1e5343b5', 'Luxurious Ceramic Car', 'Our tiger-friendly Towels ensures darling comfort for your pets', 'a2613281-f33e-4e85-87a6-ec0552e66ea4', NULL, 4.14, 308, FALSE),
  ('464ff4c9-5dcf-4c25-a4fa-907deaa5cf8e', 'Incredible Metal Ball', 'Featuring Fermium-enhanced technology, our Ball offers unparalleled basic performance', 'cd6bc2d6-4b95-4897-8fa4-07c9c674c610', NULL, 3.85, 138, FALSE),
  ('785d3662-5468-4a10-9524-d558cf03c57e', 'Electronic Wooden Table', 'The sleek and wise Chair comes with black LED lighting for smart functionality', '3de11bd1-6d41-43a5-883c-c23f40e318e9', NULL, 3.62, 84, FALSE),
  ('efba43bf-c840-437d-a782-abc80918e5e2', 'Soft Granite Towels', 'Our rich-inspired Pants brings a taste of luxury to your well-to-do lifestyle', 'bcba89f4-8274-4045-8c4c-d2d14657aa78', NULL, 4.2, 107, FALSE),
  ('526c8ef0-02c1-4e44-983e-86d4e682ac90', 'Recycled Wooden Sausages', 'Our rabbit-friendly Tuna ensures nautical comfort for your pets', '5cc9e8ca-2aaf-4ded-8327-fa4ab7e383e6', NULL, 4.83, 237, FALSE),
  ('a54b5785-6540-43ae-89c8-b12d11d987df', 'Oriental Concrete Tuna', 'Experience the ivory brilliance of our Chips, perfect for interesting environments', 'a2613281-f33e-4e85-87a6-ec0552e66ea4', NULL, 3.88, 172, FALSE),
  ('223c76c1-33be-4846-964a-aecf49a60c22', 'Ergonomic Concrete Towels', 'Discover the free new Ball with an exciting mix of Plastic ingredients', '04d00dba-a034-47d9-9b3e-439ec7bf1b6f', NULL, 3.53, 110, FALSE),
  ('a132d53a-4b5c-45a8-ad34-6025cca25e8b', 'Unbranded Plastic Cheese', 'Experience the ivory brilliance of our Soap, perfect for well-documented environments', 'cd6bc2d6-4b95-4897-8fa4-07c9c674c610', NULL, 4.01, 87, FALSE),
  ('822d2e04-be33-4678-b3c9-fa6722259336', 'Handmade Ceramic Car', 'The Eric Table is the latest in a series of sad products from McClure and Sons', '5cc9e8ca-2aaf-4ded-8327-fa4ab7e383e6', NULL, 4.01, 440, TRUE),
  ('21785919-f440-46f7-a0b3-35d09d1d142d', 'Frozen Concrete Hat', 'Professional-grade Shirt perfect for afraid training and recreational use', '5cc9e8ca-2aaf-4ded-8327-fa4ab7e383e6', NULL, 4.39, 498, FALSE),
  ('81a5c997-ca8c-41aa-b6d9-868804f29b8b', 'Gorgeous Ceramic Cheese', 'Introducing the Eswatini-inspired Chicken, blending variable style with local craftsmanship', '5cc9e8ca-2aaf-4ded-8327-fa4ab7e383e6', NULL, 4.91, 338, FALSE),
  ('d1b0b959-ae6c-450b-bc95-97d73efa365e', 'Soft Metal Bike', 'The Larue Ball is the latest in a series of staid products from Lemke, McCullough and Kreiger', '3de11bd1-6d41-43a5-883c-c23f40e318e9', NULL, 4.17, 36, FALSE),
  ('dba7fcbb-6507-4ce7-af79-f4c1032e9336', 'Bespoke Silk Gloves', 'The sleek and unlawful Gloves comes with pink LED lighting for smart functionality', 'a2613281-f33e-4e85-87a6-ec0552e66ea4', NULL, 3.92, 46, FALSE),
  ('dd3d64d9-768b-4bb8-9d9e-5eca90f02d6e', 'Ergonomic Gold Bacon', 'New Table model with 87 GB RAM, 382 GB storage, and sad features', 'bcba89f4-8274-4045-8c4c-d2d14657aa78', NULL, 4.27, 195, FALSE),
  ('f9f6d74d-c747-4000-8461-c90e73748fb2', 'Practical Plastic Chair', 'The salmon Soap combines Italy aesthetics with Gadolinium-based durability', '38304c2e-9eb7-460e-85d9-42dc96c7e21f', NULL, 4.41, 202, FALSE),
  ('5a3845e2-67f7-4ae6-a28f-06488f3e6768', 'Luxurious Marble Chair', 'Savor the golden essence in our Soap, designed for dismal culinary adventures', '38304c2e-9eb7-460e-85d9-42dc96c7e21f', NULL, 3.75, 174, FALSE),
  ('6db4bcdc-67ef-4de2-9e17-5daa276e740f', 'Fresh Concrete Pizza', 'Professional-grade Soap perfect for next training and recreational use', '5cc9e8ca-2aaf-4ded-8327-fa4ab7e383e6', NULL, 4.53, 299, FALSE),
  ('80d01c26-1bbf-4ce9-8056-373d03e8fed0', 'Fresh Gold Gloves', 'Professional-grade Hat perfect for smug training and recreational use', 'a2613281-f33e-4e85-87a6-ec0552e66ea4', NULL, 3.7, 90, TRUE),
  ('47d6d511-a412-4858-8f13-8fc939bb95d2', 'Soft Ceramic Ball', 'Introducing the Israel-inspired Chips, blending impish style with local craftsmanship', 'cd6bc2d6-4b95-4897-8fa4-07c9c674c610', NULL, 3.84, 448, FALSE),
  ('8d0212df-0484-4d0c-b73c-0e68dc1d1daf', 'Frozen Gold Towels', 'Innovative Chair featuring mild technology and Bronze construction', '3de11bd1-6d41-43a5-883c-c23f40e318e9', NULL, 4.34, 323, FALSE),
  ('e60d5624-02d5-437f-9321-0f9892c62416', 'Bespoke Metal Pants', 'Innovative Hat featuring cluttered technology and Bamboo construction', '38304c2e-9eb7-460e-85d9-42dc96c7e21f', NULL, 3.91, 434, FALSE),
  ('d42a3b1f-fce2-4397-b18b-7da6a066bd09', 'Refined Rubber Gloves', 'Our salty-inspired Shirt brings a taste of luxury to your quick lifestyle', '3de11bd1-6d41-43a5-883c-c23f40e318e9', NULL, 4.26, 399, FALSE),
  ('8a11e6a3-0c8a-4217-92c5-2a9a5e3bb334', 'Gorgeous Marble Table', 'Savor the fresh essence in our Mouse, designed for married culinary adventures', '04d00dba-a034-47d9-9b3e-439ec7bf1b6f', NULL, 3.54, 96, TRUE),
  ('6aadcaf7-4d38-41df-af26-edd214c88db3', 'Rustic Metal Fish', 'Innovative Table featuring lumbering technology and Bronze construction', 'bcba89f4-8274-4045-8c4c-d2d14657aa78', NULL, 4.51, 489, TRUE),
  ('2e56a70b-4c93-4543-9664-ebecd8018260', 'Handcrafted Silk Sausages', 'Stylish Soap designed to make you stand out with experienced looks', '38304c2e-9eb7-460e-85d9-42dc96c7e21f', NULL, 3.69, 71, TRUE),
  ('4cbf13a5-39d8-4d9c-8912-9a0555cd5218', 'Refined Concrete Salad', 'Innovative Keyboard featuring basic technology and Bronze construction', 'bcba89f4-8274-4045-8c4c-d2d14657aa78', NULL, 4.35, 224, FALSE),
  ('afd7cc31-621f-4329-b685-22c146f2024f', 'Modern Granite Pizza', 'Discover the acclaimed new Pants with an exciting mix of Plastic ingredients', '3de11bd1-6d41-43a5-883c-c23f40e318e9', NULL, 4.94, 389, TRUE),
  ('9f329273-cf01-4f7e-a044-64e0df449c70', 'Unbranded Steel Chips', 'The azure Chicken combines Cote d''Ivoire aesthetics with Technetium-based durability', '6413a328-f1a1-439b-9232-d5dbae534d96', NULL, 4.69, 42, FALSE),
  ('15f22e98-03b4-4131-a660-5135a53363b7', 'Tasty Ceramic Chips', 'Our snake-friendly Pants ensures sugary comfort for your pets', '04d00dba-a034-47d9-9b3e-439ec7bf1b6f', NULL, 3.55, 382, FALSE),
  ('42fcaf5e-65e4-4d59-bb15-def16531e1bc', 'Handmade Granite Fish', 'Ergonomic Shoes made with Rubber for all-day thrifty support', '38304c2e-9eb7-460e-85d9-42dc96c7e21f', NULL, 4.14, 344, FALSE);

-- Inserting into product_variants
INSERT INTO "public"."product_variants" ("id", "product_id", "name", "sku", "current_price", "old_price", "stock") VALUES
  ('9b410a48-1a6c-4d44-979e-9668f3c647d5', 'ba8970e3-25a1-4376-930b-24b5fc8434a9', 'Standard', '5DFVECNZS7', 1211.39, 1453.67, 115),
  ('fc474269-3b9e-4b69-8083-b56c4d31c3c9', 'ba8970e3-25a1-4376-930b-24b5fc8434a9', 'Frozen', 'NNJTFUAYMU', 105.39, NULL, 122),
  ('be7aa9f9-fb76-416c-9bfa-157152fcc708', 'ba8970e3-25a1-4376-930b-24b5fc8434a9', 'Generic', 'SQW7AXPVVW', 1822.69, NULL, 81),
  ('0d161b59-8776-4dcb-87f1-82974ff3a06a', '619c89b0-c168-4aaf-819b-5bab097eed9a', 'Standard', 'TEMW1EEOY9', 149.95, 179.94, 97),
  ('c358fb6b-99bc-4c84-b6b9-4f82a4d8e176', 'bf1a413e-0911-4d5f-8c63-8bf168409fee', 'Standard', 'V2YCAERNTK', 1592.89, 1911.47, 148),
  ('c2c31682-44de-4e93-a46b-cdecc6ca4973', 'bf1a413e-0911-4d5f-8c63-8bf168409fee', 'Intelligent', 'QPDXFBACIT', 1797.09, 2156.51, 86),
  ('348d9f3f-a850-4060-a371-23862a8a3f05', 'bf1a413e-0911-4d5f-8c63-8bf168409fee', 'Small', 'M4ZUFXLKL8', 1300.45, NULL, 144),
  ('c17af9a2-b308-4f49-b017-b4f4600dfba7', '642a4a6d-b748-4a43-8e40-7c0d0574702d', 'Standard', 'FRY6DWYQPE', 1045.69, 1254.83, 34),
  ('69ea499b-4aee-4c4b-8ade-1132565fe802', '642a4a6d-b748-4a43-8e40-7c0d0574702d', 'Practical', 'J0LMXLHGSC', 532.69, NULL, 81),
  ('40c897d2-eaa7-4983-b556-4e08e90001e9', '642a4a6d-b748-4a43-8e40-7c0d0574702d', 'Recycled', 'RBVR27FSDY', 1112.85, 1335.42, 3),
  ('e4771901-5ddf-456e-9b97-608a918451eb', '6417ecd0-d356-4896-a1ab-bc915ce52414', 'Standard', 'DZT4CNV4LU', 609.59, 731.51, 79),
  ('f08de080-cd5f-4250-a5e3-df4af09a3f38', '6417ecd0-d356-4896-a1ab-bc915ce52414', 'Ergonomic', '9B6NCVG00C', 1461.29, NULL, 7),
  ('d589ab9c-4dfa-47ac-b9b7-b96f67ae9640', '0de5e484-dde4-45ea-86e7-24326e0c6df9', 'Standard', 'DBINYSEW28', 427.79, NULL, 58),
  ('16adfb26-a49f-4348-8f4e-3c57df320d79', '4d90b51f-5b79-4f2d-82d5-5e06f9e893dd', 'Standard', 'X1E01VXTRS', 1193.49, NULL, 86),
  ('e8af5107-c9b6-4493-a0d7-710b66cad6c0', '4d90b51f-5b79-4f2d-82d5-5e06f9e893dd', 'Ergonomic', 'EUXVC0DE4R', 1593.95, NULL, 52),
  ('7aa4e6b8-c519-4fed-b7b7-c630199f8350', '4d90b51f-5b79-4f2d-82d5-5e06f9e893dd', 'Recycled', 'VMKIEHORHB', 514.75, NULL, 149),
  ('000b25b9-556d-4fa1-9d7c-d04e44dc046f', 'f15c4450-b213-44aa-89ef-4b05e98c65cf', 'Standard', 'C0H63WTQDS', 264.59, NULL, 47),
  ('0e6d5679-1836-461d-87c2-e59f7216d7b4', '9d2b3a6a-3053-4a4d-9c1e-0a97eca13865', 'Standard', 'ONISIOEQUJ', 1312.19, 1574.63, 25),
  ('bf591fe8-2d19-4457-afc8-bd0030cc1d20', '9d2b3a6a-3053-4a4d-9c1e-0a97eca13865', 'Luxurious', '32A305QGQ0', 746.65, 895.98, 70),
  ('ad80d8fd-8965-4458-95c5-1a7013c4b74c', '9d2b3a6a-3053-4a4d-9c1e-0a97eca13865', 'Gorgeous', '6ALNV6YZI6', 1387.81, NULL, 60),
  ('a65a9908-58a0-4076-89f7-58ee50309f5b', 'ed433c1e-e1a2-4e5b-9c8e-6dade7916969', 'Standard', 'FOMRYBACV5', 567.89, NULL, 87),
  ('9d6b033c-4d02-4e5a-a649-3429c5fa0a5d', 'ed433c1e-e1a2-4e5b-9c8e-6dade7916969', 'Sleek', 'B9FRSOZWH7', 1801.09, NULL, 146),
  ('4630e6f9-6792-40f7-b816-63e78361723a', 'ed433c1e-e1a2-4e5b-9c8e-6dade7916969', 'Electronic', '2ZQP4NTL60', 589.59, NULL, 10),
  ('4e1b3e7a-9fe9-442d-951e-b614cf3812f7', '13206f8c-4fea-4191-92da-a5c81e765d8c', 'Standard', '1NN3WSMECS', 250.99, NULL, 13),
  ('c85c3120-0d2b-4d77-b0dd-dcb4f2f8a9a1', '13206f8c-4fea-4191-92da-a5c81e765d8c', 'Frozen', 'ACZRNW24XK', 651.09, NULL, 2),
  ('8e91f2bc-b51c-4484-b61a-35cf73c3fc96', 'fbe46b63-7599-4b5e-8762-f145a4c100d8', 'Standard', 'N0VCOCIFMD', 434.69, NULL, 38),
  ('28fcaa89-a5b0-4b45-9c98-24988072af03', 'abbb471c-adbb-447c-a390-dc0333263120', 'Standard', 'HXKFT229HJ', 148.27, 177.92, 84),
  ('31ccde97-d400-4c13-809d-5be9cf357add', 'e9c46c9f-9770-42ca-a8ca-759f37994f2d', 'Standard', 'UW8ZAVRN70', 117.79, 141.35, 127),
  ('5544ce2e-c50c-4d8e-b51b-6fe01be2b034', 'e9c46c9f-9770-42ca-a8ca-759f37994f2d', 'Luxurious', '3N8U9Q8G1T', 1450.29, 1740.35, 142),
  ('31c6e625-a38e-48fa-acd8-3cf9221ac25b', 'e9c46c9f-9770-42ca-a8ca-759f37994f2d', 'Electronic', 'OMIAYEQUUO', 573.49, NULL, 87),
  ('173d5174-b573-4bca-8a9e-938c8fbe1555', '439dab0e-4546-4458-a2dc-32b99ca7b70a', 'Standard', 'OARJGN5LEL', 776.69, NULL, 97),
  ('c0e88356-b3de-4412-bda7-e79087b5acb1', '69ff7256-847c-4912-97f1-454b1b545e76', 'Standard', '9ZOKR4L33G', 1252.89, NULL, 53),
  ('3497278c-caa6-4ee5-a3e1-143cf8e74e26', 'e77d992a-aa4b-43c7-b5b5-d860e081bb74', 'Standard', 'UGFNC09G7E', 20.49, NULL, 36),
  ('1bf66d8b-5318-47b6-9921-f02ddd827771', 'e77d992a-aa4b-43c7-b5b5-d860e081bb74', 'Electronic', 'IHBMO3SVUZ', 1880.29, 2256.35, 22),
  ('6348f0ad-8fbd-4b36-917d-de57dd6b36e5', '7a92313d-c18f-4ff6-9a24-4e3261ba37a8', 'Standard', 'MWG2OMSLFB', 1330.75, NULL, 29),
  ('e8e367bf-8f17-403f-b420-924fe5883baa', '05604855-9be9-4ea9-ab5e-7a89584307cc', 'Standard', 'T6L6BMH6CG', 1139.65, 1367.58, 82),
  ('6c8257aa-7973-4f78-a649-2088c6268df8', '05604855-9be9-4ea9-ab5e-7a89584307cc', 'Small', 'DZM9EMHOTH', 682.19, NULL, 67),
  ('f23fa488-0094-4490-bd7a-4111aed04e2a', '05604855-9be9-4ea9-ab5e-7a89584307cc', 'Awesome', 'I7WU4MRVV3', 1356.39, NULL, 150),
  ('dde60a62-99c9-45e0-87dc-fd907751bbe6', 'a328e098-115c-4ca9-aeed-678e2abe04ce', 'Standard', 'KAXJ8SP872', 1491.95, NULL, 39),
  ('0019e476-9510-4f6c-b149-9b1b5e953929', 'a328e098-115c-4ca9-aeed-678e2abe04ce', 'Handcrafted', 'DITW71GTYZ', 476.55, NULL, 129),
  ('56107aaa-92c7-4e53-a89c-0b680d3d3ebe', 'a328e098-115c-4ca9-aeed-678e2abe04ce', 'Oriental', 'FLYQGQZPB6', 1653.99, 1984.79, 42),
  ('9a0260df-07b2-48d1-a0ca-2895e4c38492', '37059470-efc1-4f13-9bb3-705c1e5343b5', 'Standard', 'SXIPQYNDQN', 282.19, 338.63, 65),
  ('9d6eff1b-80d9-4902-9788-631d80174062', '37059470-efc1-4f13-9bb3-705c1e5343b5', 'Frozen', '0X4Y0TYANO', 1441.95, NULL, 34),
  ('53ea9516-fab9-4dc7-b949-f9df99b1d42e', '37059470-efc1-4f13-9bb3-705c1e5343b5', 'Fantastic', 'V8A01WNSFG', 146.19, NULL, 35),
  ('52871a65-2759-4490-a163-9f887c155625', '464ff4c9-5dcf-4c25-a4fa-907deaa5cf8e', 'Standard', 'SFIIBZFWS6', 1965.45, 2358.54, 39),
  ('d3b7a52f-abe1-48d3-b67e-45932982aae5', '464ff4c9-5dcf-4c25-a4fa-907deaa5cf8e', 'Licensed', 'OD0OJI2YSG', 1236.09, NULL, 136),
  ('9a63b018-01f3-4e76-a205-747c798214b4', '785d3662-5468-4a10-9524-d558cf03c57e', 'Standard', '5HBTMABEXY', 1787.19, NULL, 88),
  ('25369c14-ae61-46f5-a9c1-9f9ee8698deb', 'efba43bf-c840-437d-a782-abc80918e5e2', 'Standard', 'OL7LF9BJFJ', 560.08, NULL, 136),
  ('e4a83596-dd52-453e-aabc-cb067b4a5480', 'efba43bf-c840-437d-a782-abc80918e5e2', 'Practical', 'LNSDNATDTX', 44.89, NULL, 34),
  ('3a663c55-c656-4426-a8b9-32c47bac917e', '526c8ef0-02c1-4e44-983e-86d4e682ac90', 'Standard', 'YPQBBEVWFI', 415.85, NULL, 126),
  ('ab230c8b-8a39-491e-be08-da80edfae6ac', 'a54b5785-6540-43ae-89c8-b12d11d987df', 'Standard', '7IMKSMXYDD', 1397.49, NULL, 89),
  ('e5660cf0-0204-4fe3-bc1c-c126864aed6e', 'a54b5785-6540-43ae-89c8-b12d11d987df', 'Awesome', 'HXMBOHFJF6', 1296.85, 1556.22, 18),
  ('fdd843f7-af94-43bb-9664-f364b830e2a6', 'a54b5785-6540-43ae-89c8-b12d11d987df', 'Rustic', 'MIUZKJS2WK', 357.35, 428.82, 146),
  ('e48f0f82-b761-4930-ace3-9daa8b7190ef', '223c76c1-33be-4846-964a-aecf49a60c22', 'Standard', 'HNQGINMSVT', 1419.32, 1703.18, 56),
  ('a1688f27-9e92-4a8e-8b6f-edcf37720023', 'a132d53a-4b5c-45a8-ad34-6025cca25e8b', 'Standard', 'HRSEIQOMIQ', 855.95, NULL, 65),
  ('d42b263a-c519-42de-bbfc-9ebc8580d546', 'a132d53a-4b5c-45a8-ad34-6025cca25e8b', 'Unbranded', '5JLBECWHKM', 50.79, 60.95, 4),
  ('ed7f8d76-4090-4661-8a6b-545c3837bdc3', 'a132d53a-4b5c-45a8-ad34-6025cca25e8b', 'Recycled', 'BHT4Y7I9C7', 581.19, NULL, 89),
  ('a08e94b1-c745-4939-9c13-c37c3af163be', '822d2e04-be33-4678-b3c9-fa6722259336', 'Standard', 'NZ3FXWYPTE', 1740.9, 2089.08, 145),
  ('42eeb6ea-99d4-450b-ab53-50b7db69061f', '822d2e04-be33-4678-b3c9-fa6722259336', 'Recycled', 'XVT7KSD9C4', 874.9, NULL, 68),
  ('baa55125-a8fa-4a0e-9c31-df02482097b8', '21785919-f440-46f7-a0b3-35d09d1d142d', 'Standard', 'BQX8JCGS5Y', 153.29, NULL, 147),
  ('c43a08ba-8266-4877-9ef5-2c3c56cfb5bb', '21785919-f440-46f7-a0b3-35d09d1d142d', 'Awesome', 'XWKCZHOH1B', 1955.09, NULL, 143),
  ('cd838b04-0ae1-4775-ad9d-f5ffdf7a1055', '81a5c997-ca8c-41aa-b6d9-868804f29b8b', 'Standard', 'MNGILZ6J5E', 591.05, NULL, 131),
  ('5deed19e-138a-4d07-b4e4-13f6ed38238e', '81a5c997-ca8c-41aa-b6d9-868804f29b8b', 'Luxurious', 'VZW0TIS8NX', 1684.55, 2021.46, 16),
  ('2d914fc4-1960-4b48-95f1-49637f58c139', '81a5c997-ca8c-41aa-b6d9-868804f29b8b', 'Small', 'GTC25VHBKI', 1280.5, NULL, 99),
  ('d4987366-5d10-4efd-a314-6aebb9f2b5b8', 'd1b0b959-ae6c-450b-bc95-97d73efa365e', 'Standard', 'HGC27FGAWF', 65.69, 78.83, 52),
  ('2d9509a5-92c9-402b-9521-c56ba87d0e19', 'dba7fcbb-6507-4ce7-af79-f4c1032e9336', 'Standard', 'SZLRSNSYMA', 351.55, NULL, 104),
  ('3e4b5f59-cfa0-4852-9a4a-30bae9a61141', 'dba7fcbb-6507-4ce7-af79-f4c1032e9336', 'Handmade', 'LFMEWZJNZV', 1733.79, NULL, 111),
  ('47873632-d562-49c4-b820-7ec7b56663fb', 'dd3d64d9-768b-4bb8-9d9e-5eca90f02d6e', 'Standard', 'GYR94TK77Z', 1670.8, 2004.96, 60),
  ('7380901a-b0b5-4077-a086-02dfc296a143', 'f9f6d74d-c747-4000-8461-c90e73748fb2', 'Standard', 'FHVPPDSB2K', 1959.35, NULL, 56),
  ('37a3bd28-d117-42d9-9604-6616386aa6b0', '5a3845e2-67f7-4ae6-a28f-06488f3e6768', 'Standard', 'JARTVSIYLZ', 618.31, 741.97, 65),
  ('88763131-f54e-45dc-b419-f3b1d05877cc', '5a3845e2-67f7-4ae6-a28f-06488f3e6768', 'Recycled', 'EENL3DDDM4', 87.09, NULL, 26),
  ('8dc145d8-c826-4e76-b706-03e147f6dff0', '6db4bcdc-67ef-4de2-9e17-5daa276e740f', 'Standard', 'A5NWTR8882', 1326.29, NULL, 74),
  ('305fe4fc-2b94-47d7-9fe2-5b01af833d3b', '80d01c26-1bbf-4ce9-8056-373d03e8fed0', 'Standard', 'QXURQGQLJ5', 331.79, NULL, 54),
  ('a248537c-1415-4f8f-b7dd-91700c12b89e', '80d01c26-1bbf-4ce9-8056-373d03e8fed0', 'Unbranded', 'GKQACFE4AI', 1239, NULL, 49),
  ('52a567cc-d57e-486b-a7a3-ec5de59181f8', '80d01c26-1bbf-4ce9-8056-373d03e8fed0', 'Incredible', 'HA0VD6EJBF', 1420.15, 1704.18, 112),
  ('b9364639-a9db-478f-80bb-a7fb8c7a5e1c', '47d6d511-a412-4858-8f13-8fc939bb95d2', 'Standard', 'U8IPCBBKKA', 692.2, 830.64, 83),
  ('e50a7dee-8248-454b-8cf3-ae8555da7200', '47d6d511-a412-4858-8f13-8fc939bb95d2', 'Soft', 'PIOWGVIKU8', 678.9, NULL, 128),
  ('ba828d01-9943-40d0-a205-11fdc299b2f2', '47d6d511-a412-4858-8f13-8fc939bb95d2', 'Unbranded', 'YP98CL7ZVB', 1744.15, NULL, 108),
  ('75113750-c7c2-4166-95e4-228a560a10de', '8d0212df-0484-4d0c-b73c-0e68dc1d1daf', 'Standard', 'VMQYWLVCQS', 1942.75, 2331.3, 105),
  ('5d3d392d-997e-4867-834e-e12485d17df1', '8d0212df-0484-4d0c-b73c-0e68dc1d1daf', 'Recycled', 'C5AYFSS4AA', 1389.4, 1667.28, 96),
  ('a09f2930-9d5e-4d65-ab0c-382bc5099a38', '8d0212df-0484-4d0c-b73c-0e68dc1d1daf', 'Elegant', '2GEPQNKZAM', 1669.39, 2003.27, 138),
  ('46308585-6597-4b42-b2ae-d4b91342ab79', 'e60d5624-02d5-437f-9321-0f9892c62416', 'Standard', 'L3C46JCQT8', 1168.49, NULL, 14),
  ('cf384dd5-3b0c-4713-8252-3adf45891858', 'e60d5624-02d5-437f-9321-0f9892c62416', 'Elegant', '8F70JE6KEI', 126.89, NULL, 138),
  ('4a3300b7-0455-4e30-a9e8-2724d84afb60', 'e60d5624-02d5-437f-9321-0f9892c62416', 'Electronic', 'FEVE6MBZEJ', 40.85, NULL, 99),
  ('81332f48-0773-447d-ac0d-a25a7a159b97', 'd42a3b1f-fce2-4397-b18b-7da6a066bd09', 'Standard', 'PNF1FHY9JT', 1380.55, NULL, 139),
  ('0d59da7c-ccb7-4ca4-a6cc-3ee9bcb01f01', 'd42a3b1f-fce2-4397-b18b-7da6a066bd09', 'Frozen', '5CKAD1UH0Z', 670.39, NULL, 116),
  ('3cf12fe9-1419-474e-9bd6-bf9cb0ae6d9f', '8a11e6a3-0c8a-4217-92c5-2a9a5e3bb334', 'Standard', 'QLS7KNEWMR', 1852.89, NULL, 53),
  ('38e7252e-a8b8-497c-83a6-7c9b88f81c3c', '8a11e6a3-0c8a-4217-92c5-2a9a5e3bb334', 'Luxurious', 'LJL1IOJKTR', 71.6, NULL, 5),
  ('1108239a-fec1-4091-8d77-a60b8bb3185f', '6aadcaf7-4d38-41df-af26-edd214c88db3', 'Standard', 'YYYXUX9H2Y', 115.95, 139.14, 88),
  ('a97ca602-8fec-458b-87ef-9436e927a8cc', '6aadcaf7-4d38-41df-af26-edd214c88db3', 'Electronic', 'NVZSTMYSSJ', 1479.65, NULL, 9),
  ('6d0bc617-129e-489b-b4fe-17fae4a9c541', '2e56a70b-4c93-4543-9664-ebecd8018260', 'Standard', 'ECKQN6FHCE', 1407.84, 1689.41, 50),
  ('aceb9ddd-b147-4fbd-807e-4eab944f5f18', '2e56a70b-4c93-4543-9664-ebecd8018260', 'Fresh', '5RKKIF2PIW', 1573.05, NULL, 45),
  ('06341e4d-0719-4a2f-b595-c48873a36d4a', '4cbf13a5-39d8-4d9c-8912-9a0555cd5218', 'Standard', 'NKFZJZKFCJ', 673.4, NULL, 117),
  ('488db838-b3ac-4156-be9b-9d7b871dc1b8', '4cbf13a5-39d8-4d9c-8912-9a0555cd5218', 'Incredible', 'MDW7WENHXU', 1765.95, 2119.14, 12),
  ('04f2fe40-44fd-4e45-bc84-bc1f177f3fda', 'afd7cc31-621f-4329-b685-22c146f2024f', 'Standard', 'D3EHQTB7AY', 1053.45, NULL, 143),
  ('c4136b99-0941-475f-a3bc-47042f066ae8', 'afd7cc31-621f-4329-b685-22c146f2024f', 'Refined', 'JDZRYANOLV', 1513.15, NULL, 13),
  ('d837d228-9937-4f27-bfd4-138bfd2dbe5c', '9f329273-cf01-4f7e-a044-64e0df449c70', 'Standard', 'OI4FNMA5YR', 1998.99, NULL, 45),
  ('619c3bcf-d976-4597-8c6c-0e2dbd8fad46', '15f22e98-03b4-4131-a660-5135a53363b7', 'Standard', '4M8Q8MUEG7', 965.43, 1158.52, 100),
  ('118e53dc-b451-4029-bc15-00152e6f5e2a', '42fcaf5e-65e4-4d59-bb15-def16531e1bc', 'Standard', 'UQ3X7CRXST', 1214.29, NULL, 140);

-- Inserting into product_images
INSERT INTO "public"."product_images" ("id", "variant_id", "url", "alt", "position") VALUES
  ('4b53c829-b597-48b5-8404-3a59a537873d', '9b410a48-1a6c-4d44-979e-9668f3c647d5', 'https://picsum.photos/seed/9b410a48-1a6c-4d44-979e-9668f3c647d5-0/800/800', 'Recycled Concrete Cheese image', 0),
  ('0e366829-e3c5-4fc2-bcb3-930d57f98626', '9b410a48-1a6c-4d44-979e-9668f3c647d5', 'https://picsum.photos/seed/9b410a48-1a6c-4d44-979e-9668f3c647d5-1/800/800', 'Gorgeous Gold Table image', 1),
  ('e373c9b0-222b-4872-958f-c0c497f9a651', 'fc474269-3b9e-4b69-8083-b56c4d31c3c9', 'https://picsum.photos/seed/fc474269-3b9e-4b69-8083-b56c4d31c3c9-0/800/800', 'Incredible Rubber Hat image', 0),
  ('2dac6086-6c77-4d84-b8f4-21858b621446', 'fc474269-3b9e-4b69-8083-b56c4d31c3c9', 'https://picsum.photos/seed/fc474269-3b9e-4b69-8083-b56c4d31c3c9-1/800/800', 'Handmade Granite Sausages image', 1),
  ('06399728-3ab6-4b80-b83d-2890faee7ef1', 'fc474269-3b9e-4b69-8083-b56c4d31c3c9', 'https://picsum.photos/seed/fc474269-3b9e-4b69-8083-b56c4d31c3c9-2/800/800', 'Refined Steel Table image', 2),
  ('1f946f04-ae46-468c-808f-9fb829123bf3', 'be7aa9f9-fb76-416c-9bfa-157152fcc708', 'https://picsum.photos/seed/be7aa9f9-fb76-416c-9bfa-157152fcc708-0/800/800', 'Licensed Plastic Salad image', 0),
  ('30baa6c0-6601-4081-bc2e-7b7e7a4107e4', 'be7aa9f9-fb76-416c-9bfa-157152fcc708', 'https://picsum.photos/seed/be7aa9f9-fb76-416c-9bfa-157152fcc708-1/800/800', 'Gorgeous Bronze Table image', 1),
  ('dd437b3d-fe8c-41d2-be5e-cf8c5d0fbfe3', 'be7aa9f9-fb76-416c-9bfa-157152fcc708', 'https://picsum.photos/seed/be7aa9f9-fb76-416c-9bfa-157152fcc708-2/800/800', 'Elegant Rubber Towels image', 2),
  ('abd300b7-1396-4939-8ec6-fac1bbe1c288', '0d161b59-8776-4dcb-87f1-82974ff3a06a', 'https://picsum.photos/seed/0d161b59-8776-4dcb-87f1-82974ff3a06a-0/800/800', 'Oriental Granite Salad image', 0),
  ('1dd85a69-58ed-45ef-b0f4-9ad3a6b3f2e0', '0d161b59-8776-4dcb-87f1-82974ff3a06a', 'https://picsum.photos/seed/0d161b59-8776-4dcb-87f1-82974ff3a06a-1/800/800', 'Sleek Rubber Towels image', 1),
  ('ef46341d-1035-4ec7-a122-4326e3fa0a1a', '0d161b59-8776-4dcb-87f1-82974ff3a06a', 'https://picsum.photos/seed/0d161b59-8776-4dcb-87f1-82974ff3a06a-2/800/800', 'Small Wooden Keyboard image', 2),
  ('0709637d-4366-4e59-a62b-ef00c1254f62', 'c358fb6b-99bc-4c84-b6b9-4f82a4d8e176', 'https://picsum.photos/seed/c358fb6b-99bc-4c84-b6b9-4f82a4d8e176-0/800/800', 'Electronic Bronze Hat image', 0),
  ('3569821e-51a6-4ff4-9c1f-d91a02ae25ae', 'c358fb6b-99bc-4c84-b6b9-4f82a4d8e176', 'https://picsum.photos/seed/c358fb6b-99bc-4c84-b6b9-4f82a4d8e176-1/800/800', 'Fantastic Wooden Hat image', 1),
  ('71f8cf32-8271-4537-ae95-a58f7db0441d', 'c2c31682-44de-4e93-a46b-cdecc6ca4973', 'https://picsum.photos/seed/c2c31682-44de-4e93-a46b-cdecc6ca4973-0/800/800', 'Elegant Marble Computer image', 0),
  ('ebb925c2-998b-4a2f-b556-5234905d27f2', '348d9f3f-a850-4060-a371-23862a8a3f05', 'https://picsum.photos/seed/348d9f3f-a850-4060-a371-23862a8a3f05-0/800/800', 'Intelligent Bamboo Salad image', 0),
  ('01ab2230-d85d-43cf-8590-bd22867ab656', '348d9f3f-a850-4060-a371-23862a8a3f05', 'https://picsum.photos/seed/348d9f3f-a850-4060-a371-23862a8a3f05-1/800/800', 'Luxurious Steel Hat image', 1),
  ('2229f698-b8bc-4740-914c-d73765fb324e', 'c17af9a2-b308-4f49-b017-b4f4600dfba7', 'https://picsum.photos/seed/c17af9a2-b308-4f49-b017-b4f4600dfba7-0/800/800', 'Elegant Cotton Chair image', 0),
  ('3f978024-c713-421d-a20f-c5791f614556', '69ea499b-4aee-4c4b-8ade-1132565fe802', 'https://picsum.photos/seed/69ea499b-4aee-4c4b-8ade-1132565fe802-0/800/800', 'Electronic Bamboo Shirt image', 0),
  ('7bc2bda8-d636-4b73-82ab-2dae6632bd57', '40c897d2-eaa7-4983-b556-4e08e90001e9', 'https://picsum.photos/seed/40c897d2-eaa7-4983-b556-4e08e90001e9-0/800/800', 'Sleek Metal Tuna image', 0),
  ('613d4f3b-1500-4cdb-8b10-a4c5c1523b2a', 'e4771901-5ddf-456e-9b97-608a918451eb', 'https://picsum.photos/seed/e4771901-5ddf-456e-9b97-608a918451eb-0/800/800', 'Incredible Wooden Cheese image', 0),
  ('b644cd21-f6d1-41ad-92a8-27ed28ccab09', 'e4771901-5ddf-456e-9b97-608a918451eb', 'https://picsum.photos/seed/e4771901-5ddf-456e-9b97-608a918451eb-1/800/800', 'Practical Steel Shoes image', 1),
  ('9a4dd4cd-fc86-43a9-8d54-9a58f338bdd6', 'f08de080-cd5f-4250-a5e3-df4af09a3f38', 'https://picsum.photos/seed/f08de080-cd5f-4250-a5e3-df4af09a3f38-0/800/800', 'Refined Steel Computer image', 0),
  ('a93e74c6-fe6e-4b61-9905-6b0c039b6a17', 'f08de080-cd5f-4250-a5e3-df4af09a3f38', 'https://picsum.photos/seed/f08de080-cd5f-4250-a5e3-df4af09a3f38-1/800/800', 'Fresh Silk Hat image', 1),
  ('cff3be29-fe71-48c2-a176-71c91b550584', 'f08de080-cd5f-4250-a5e3-df4af09a3f38', 'https://picsum.photos/seed/f08de080-cd5f-4250-a5e3-df4af09a3f38-2/800/800', 'Ergonomic Bronze Shirt image', 2),
  ('1258e269-97f8-41c7-9086-9556ea01a337', 'd589ab9c-4dfa-47ac-b9b7-b96f67ae9640', 'https://picsum.photos/seed/d589ab9c-4dfa-47ac-b9b7-b96f67ae9640-0/800/800', 'Oriental Concrete Shirt image', 0),
  ('a24f30a2-b10b-4475-be76-a1592fa25ec5', 'd589ab9c-4dfa-47ac-b9b7-b96f67ae9640', 'https://picsum.photos/seed/d589ab9c-4dfa-47ac-b9b7-b96f67ae9640-1/800/800', 'Practical Steel Pants image', 1),
  ('8b2772e8-4fdf-4fca-89ff-e4262afd0a66', '16adfb26-a49f-4348-8f4e-3c57df320d79', 'https://picsum.photos/seed/16adfb26-a49f-4348-8f4e-3c57df320d79-0/800/800', 'Elegant Cotton Car image', 0),
  ('2480c23c-335c-458c-90e3-5e33c434ba91', 'e8af5107-c9b6-4493-a0d7-710b66cad6c0', 'https://picsum.photos/seed/e8af5107-c9b6-4493-a0d7-710b66cad6c0-0/800/800', 'Luxurious Bamboo Pants image', 0),
  ('63593466-6549-4d73-9ecd-a685dfd477fb', '7aa4e6b8-c519-4fed-b7b7-c630199f8350', 'https://picsum.photos/seed/7aa4e6b8-c519-4fed-b7b7-c630199f8350-0/800/800', 'Ergonomic Steel Pants image', 0),
  ('20ecb2fe-5750-4af1-b128-524315d2a103', '7aa4e6b8-c519-4fed-b7b7-c630199f8350', 'https://picsum.photos/seed/7aa4e6b8-c519-4fed-b7b7-c630199f8350-1/800/800', 'Intelligent Gold Chair image', 1),
  ('3d7af421-7788-42f2-a89e-e6258881053b', '000b25b9-556d-4fa1-9d7c-d04e44dc046f', 'https://picsum.photos/seed/000b25b9-556d-4fa1-9d7c-d04e44dc046f-0/800/800', 'Elegant Gold Soap image', 0),
  ('7f25896a-1695-46e4-9adc-b55642e51486', '0e6d5679-1836-461d-87c2-e59f7216d7b4', 'https://picsum.photos/seed/0e6d5679-1836-461d-87c2-e59f7216d7b4-0/800/800', 'Frozen Wooden Pants image', 0),
  ('90ade879-4036-47e8-81a1-4b83bfffd1e5', 'bf591fe8-2d19-4457-afc8-bd0030cc1d20', 'https://picsum.photos/seed/bf591fe8-2d19-4457-afc8-bd0030cc1d20-0/800/800', 'Fresh Ceramic Ball image', 0),
  ('55a323ec-a5a7-469f-add1-2c032334c2ee', 'bf591fe8-2d19-4457-afc8-bd0030cc1d20', 'https://picsum.photos/seed/bf591fe8-2d19-4457-afc8-bd0030cc1d20-1/800/800', 'Modern Plastic Shirt image', 1),
  ('db5cc58d-f1d6-40e0-bdf7-2f9fc9b4ebbd', 'ad80d8fd-8965-4458-95c5-1a7013c4b74c', 'https://picsum.photos/seed/ad80d8fd-8965-4458-95c5-1a7013c4b74c-0/800/800', 'Fresh Plastic Chicken image', 0),
  ('319a7edf-3c28-4e1b-bf25-5bd1236322ad', 'a65a9908-58a0-4076-89f7-58ee50309f5b', 'https://picsum.photos/seed/a65a9908-58a0-4076-89f7-58ee50309f5b-0/800/800', 'Incredible Rubber Bacon image', 0),
  ('884bcf30-5a5a-4d70-bcee-e5686ed7db78', 'a65a9908-58a0-4076-89f7-58ee50309f5b', 'https://picsum.photos/seed/a65a9908-58a0-4076-89f7-58ee50309f5b-1/800/800', 'Oriental Bamboo Chips image', 1),
  ('0d0a7f14-9e83-45af-b222-c4fda9dd4cdf', 'a65a9908-58a0-4076-89f7-58ee50309f5b', 'https://picsum.photos/seed/a65a9908-58a0-4076-89f7-58ee50309f5b-2/800/800', 'Elegant Steel Mouse image', 2),
  ('9bb08a19-d60d-4d6a-a37b-9d5a0abef848', '9d6b033c-4d02-4e5a-a649-3429c5fa0a5d', 'https://picsum.photos/seed/9d6b033c-4d02-4e5a-a649-3429c5fa0a5d-0/800/800', 'Intelligent Cotton Towels image', 0),
  ('80cf671f-ed34-43d4-bfe7-ab232b378262', '9d6b033c-4d02-4e5a-a649-3429c5fa0a5d', 'https://picsum.photos/seed/9d6b033c-4d02-4e5a-a649-3429c5fa0a5d-1/800/800', 'Generic Aluminum Ball image', 1),
  ('39981913-6da6-4ebe-9aff-4b1bd2469447', '9d6b033c-4d02-4e5a-a649-3429c5fa0a5d', 'https://picsum.photos/seed/9d6b033c-4d02-4e5a-a649-3429c5fa0a5d-2/800/800', 'Handcrafted Aluminum Chicken image', 2),
  ('1e089d6d-54fb-49cd-9c14-b4ffa1753412', '4630e6f9-6792-40f7-b816-63e78361723a', 'https://picsum.photos/seed/4630e6f9-6792-40f7-b816-63e78361723a-0/800/800', 'Incredible Granite Table image', 0),
  ('96a5efb0-5453-4722-901c-8b953a8d1ff5', '4630e6f9-6792-40f7-b816-63e78361723a', 'https://picsum.photos/seed/4630e6f9-6792-40f7-b816-63e78361723a-1/800/800', 'Intelligent Ceramic Chips image', 1),
  ('748332f1-81cd-41aa-b2db-c7fb3d2a364c', '4630e6f9-6792-40f7-b816-63e78361723a', 'https://picsum.photos/seed/4630e6f9-6792-40f7-b816-63e78361723a-2/800/800', 'Frozen Steel Towels image', 2),
  ('83325084-d298-4dd7-a44a-b3e1c64b2e9b', '4e1b3e7a-9fe9-442d-951e-b614cf3812f7', 'https://picsum.photos/seed/4e1b3e7a-9fe9-442d-951e-b614cf3812f7-0/800/800', 'Electronic Gold Soap image', 0),
  ('f98545cb-da5e-4781-af54-26c077b0ecaa', '4e1b3e7a-9fe9-442d-951e-b614cf3812f7', 'https://picsum.photos/seed/4e1b3e7a-9fe9-442d-951e-b614cf3812f7-1/800/800', 'Luxurious Bamboo Pizza image', 1),
  ('056526a2-33c5-4f51-9330-9eded2654731', '4e1b3e7a-9fe9-442d-951e-b614cf3812f7', 'https://picsum.photos/seed/4e1b3e7a-9fe9-442d-951e-b614cf3812f7-2/800/800', 'Licensed Ceramic Fish image', 2),
  ('e15b6726-2017-40fc-9c88-8cacc92c697c', 'c85c3120-0d2b-4d77-b0dd-dcb4f2f8a9a1', 'https://picsum.photos/seed/c85c3120-0d2b-4d77-b0dd-dcb4f2f8a9a1-0/800/800', 'Recycled Plastic Sausages image', 0),
  ('7255b370-2c9b-4a03-bb4a-77f60a3c89d0', '8e91f2bc-b51c-4484-b61a-35cf73c3fc96', 'https://picsum.photos/seed/8e91f2bc-b51c-4484-b61a-35cf73c3fc96-0/800/800', 'Frozen Plastic Fish image', 0),
  ('b3e9cf95-bb5a-4a3a-a508-8b241eba3a8b', '8e91f2bc-b51c-4484-b61a-35cf73c3fc96', 'https://picsum.photos/seed/8e91f2bc-b51c-4484-b61a-35cf73c3fc96-1/800/800', 'Fantastic Aluminum Hat image', 1),
  ('506c682e-c68e-4a98-baf2-e7a3bf9a92a8', '28fcaa89-a5b0-4b45-9c98-24988072af03', 'https://picsum.photos/seed/28fcaa89-a5b0-4b45-9c98-24988072af03-0/800/800', 'Recycled Granite Shoes image', 0),
  ('ded40569-dc62-4222-9ed4-533a2f1bad2e', '28fcaa89-a5b0-4b45-9c98-24988072af03', 'https://picsum.photos/seed/28fcaa89-a5b0-4b45-9c98-24988072af03-1/800/800', 'Handmade Concrete Bike image', 1),
  ('166f248b-aded-4a62-806b-2c7303c5122b', '28fcaa89-a5b0-4b45-9c98-24988072af03', 'https://picsum.photos/seed/28fcaa89-a5b0-4b45-9c98-24988072af03-2/800/800', 'Gorgeous Cotton Table image', 2),
  ('cc80f97e-de62-4231-8ba7-660c359c82b7', '31ccde97-d400-4c13-809d-5be9cf357add', 'https://picsum.photos/seed/31ccde97-d400-4c13-809d-5be9cf357add-0/800/800', 'Elegant Granite Pants image', 0),
  ('4dae48bf-d02d-4058-99eb-f4abc57c5db6', '31ccde97-d400-4c13-809d-5be9cf357add', 'https://picsum.photos/seed/31ccde97-d400-4c13-809d-5be9cf357add-1/800/800', 'Fantastic Bronze Soap image', 1),
  ('d732533f-2651-462a-8234-a168e0276d51', '5544ce2e-c50c-4d8e-b51b-6fe01be2b034', 'https://picsum.photos/seed/5544ce2e-c50c-4d8e-b51b-6fe01be2b034-0/800/800', 'Electronic Marble Shirt image', 0),
  ('1930328a-3d8a-4f84-abe1-5d0a43f796ca', '31c6e625-a38e-48fa-acd8-3cf9221ac25b', 'https://picsum.photos/seed/31c6e625-a38e-48fa-acd8-3cf9221ac25b-0/800/800', 'Fresh Metal Mouse image', 0),
  ('58e1ba07-c0a4-4d26-8297-2b3caf53b827', '173d5174-b573-4bca-8a9e-938c8fbe1555', 'https://picsum.photos/seed/173d5174-b573-4bca-8a9e-938c8fbe1555-0/800/800', 'Generic Marble Tuna image', 0),
  ('5415868f-572f-491d-9c5d-fcb40b07c422', '173d5174-b573-4bca-8a9e-938c8fbe1555', 'https://picsum.photos/seed/173d5174-b573-4bca-8a9e-938c8fbe1555-1/800/800', 'Ergonomic Wooden Bike image', 1),
  ('c1e97bac-6b4e-4822-b5fd-e5014444de1d', '173d5174-b573-4bca-8a9e-938c8fbe1555', 'https://picsum.photos/seed/173d5174-b573-4bca-8a9e-938c8fbe1555-2/800/800', 'Luxurious Steel Salad image', 2),
  ('c17b8e43-34ae-4eab-9969-373e23a1006c', 'c0e88356-b3de-4412-bda7-e79087b5acb1', 'https://picsum.photos/seed/c0e88356-b3de-4412-bda7-e79087b5acb1-0/800/800', 'Luxurious Silk Salad image', 0),
  ('6ea4802f-a95e-43a6-b8cf-0a556323ebc2', 'c0e88356-b3de-4412-bda7-e79087b5acb1', 'https://picsum.photos/seed/c0e88356-b3de-4412-bda7-e79087b5acb1-1/800/800', 'Refined Rubber Fish image', 1),
  ('6ef29f4a-829f-4bbf-a5f9-5da0e2918f80', 'c0e88356-b3de-4412-bda7-e79087b5acb1', 'https://picsum.photos/seed/c0e88356-b3de-4412-bda7-e79087b5acb1-2/800/800', 'Handmade Marble Soap image', 2),
  ('013eebba-9929-474a-ac9b-d212fdc5b334', '3497278c-caa6-4ee5-a3e1-143cf8e74e26', 'https://picsum.photos/seed/3497278c-caa6-4ee5-a3e1-143cf8e74e26-0/800/800', 'Handcrafted Plastic Car image', 0),
  ('04f722cb-943d-459c-abe7-5f73c600934b', '1bf66d8b-5318-47b6-9921-f02ddd827771', 'https://picsum.photos/seed/1bf66d8b-5318-47b6-9921-f02ddd827771-0/800/800', 'Intelligent Wooden Sausages image', 0),
  ('b60e77f8-b0e7-4893-86a7-64de2c013127', '6348f0ad-8fbd-4b36-917d-de57dd6b36e5', 'https://picsum.photos/seed/6348f0ad-8fbd-4b36-917d-de57dd6b36e5-0/800/800', 'Gorgeous Gold Cheese image', 0),
  ('6a8c8116-68c6-474c-b1d7-5e21ec39a596', '6348f0ad-8fbd-4b36-917d-de57dd6b36e5', 'https://picsum.photos/seed/6348f0ad-8fbd-4b36-917d-de57dd6b36e5-1/800/800', 'Intelligent Plastic Pants image', 1),
  ('bca1d2af-a543-4acf-a4d3-3307458996bf', '6348f0ad-8fbd-4b36-917d-de57dd6b36e5', 'https://picsum.photos/seed/6348f0ad-8fbd-4b36-917d-de57dd6b36e5-2/800/800', 'Handcrafted Granite Pants image', 2),
  ('37660fa3-07a3-419c-991f-d2687400fdd6', 'e8e367bf-8f17-403f-b420-924fe5883baa', 'https://picsum.photos/seed/e8e367bf-8f17-403f-b420-924fe5883baa-0/800/800', 'Practical Granite Shoes image', 0),
  ('e7c0553f-1fae-469f-b32b-43dcd5347695', '6c8257aa-7973-4f78-a649-2088c6268df8', 'https://picsum.photos/seed/6c8257aa-7973-4f78-a649-2088c6268df8-0/800/800', 'Handmade Bronze Chicken image', 0),
  ('897172ab-ef8f-4864-9d8a-63063bc45415', '6c8257aa-7973-4f78-a649-2088c6268df8', 'https://picsum.photos/seed/6c8257aa-7973-4f78-a649-2088c6268df8-1/800/800', 'Unbranded Marble Towels image', 1),
  ('87c5466d-2b8c-4c5b-b426-971a1661d386', '6c8257aa-7973-4f78-a649-2088c6268df8', 'https://picsum.photos/seed/6c8257aa-7973-4f78-a649-2088c6268df8-2/800/800', 'Refined Bronze Bacon image', 2),
  ('adb47afc-02f6-4647-8fd0-4f0cbe4eec33', 'f23fa488-0094-4490-bd7a-4111aed04e2a', 'https://picsum.photos/seed/f23fa488-0094-4490-bd7a-4111aed04e2a-0/800/800', 'Gorgeous Metal Mouse image', 0),
  ('f329ae49-3602-41ca-9617-71398f8a502f', 'f23fa488-0094-4490-bd7a-4111aed04e2a', 'https://picsum.photos/seed/f23fa488-0094-4490-bd7a-4111aed04e2a-1/800/800', 'Oriental Silk Mouse image', 1),
  ('bdc21299-cf95-4902-bef5-0ba9dbbf0b17', 'dde60a62-99c9-45e0-87dc-fd907751bbe6', 'https://picsum.photos/seed/dde60a62-99c9-45e0-87dc-fd907751bbe6-0/800/800', 'Small Rubber Keyboard image', 0),
  ('38c56338-3d8d-40c4-ab2b-f4cd4d393c49', '0019e476-9510-4f6c-b149-9b1b5e953929', 'https://picsum.photos/seed/0019e476-9510-4f6c-b149-9b1b5e953929-0/800/800', 'Licensed Bronze Tuna image', 0),
  ('83c52693-d67d-4874-8b1f-ac3cd6667b87', '56107aaa-92c7-4e53-a89c-0b680d3d3ebe', 'https://picsum.photos/seed/56107aaa-92c7-4e53-a89c-0b680d3d3ebe-0/800/800', 'Tasty Metal Pizza image', 0),
  ('e7f54095-f11a-4da6-bef7-c8ff8705c7fc', '9a0260df-07b2-48d1-a0ca-2895e4c38492', 'https://picsum.photos/seed/9a0260df-07b2-48d1-a0ca-2895e4c38492-0/800/800', 'Ergonomic Aluminum Towels image', 0),
  ('83e13703-8660-4c1e-9aca-e849ebf24a08', '9a0260df-07b2-48d1-a0ca-2895e4c38492', 'https://picsum.photos/seed/9a0260df-07b2-48d1-a0ca-2895e4c38492-1/800/800', 'Awesome Aluminum Soap image', 1),
  ('c41194bc-426e-4dd8-95e2-f9baf26bf08f', '9d6eff1b-80d9-4902-9788-631d80174062', 'https://picsum.photos/seed/9d6eff1b-80d9-4902-9788-631d80174062-0/800/800', 'Bespoke Plastic Pizza image', 0),
  ('38456eeb-cc4f-4660-8d97-e42771056cd9', '9d6eff1b-80d9-4902-9788-631d80174062', 'https://picsum.photos/seed/9d6eff1b-80d9-4902-9788-631d80174062-1/800/800', 'Sleek Cotton Fish image', 1),
  ('614335d1-f247-43b9-afa3-dd84fe4f1c38', '53ea9516-fab9-4dc7-b949-f9df99b1d42e', 'https://picsum.photos/seed/53ea9516-fab9-4dc7-b949-f9df99b1d42e-0/800/800', 'Elegant Silk Mouse image', 0),
  ('59bc7b62-9053-4eae-a17b-7b990eebda62', '53ea9516-fab9-4dc7-b949-f9df99b1d42e', 'https://picsum.photos/seed/53ea9516-fab9-4dc7-b949-f9df99b1d42e-1/800/800', 'Recycled Steel Pants image', 1),
  ('c0d114fc-d740-42ca-95e6-aa7b8b4b4d36', '53ea9516-fab9-4dc7-b949-f9df99b1d42e', 'https://picsum.photos/seed/53ea9516-fab9-4dc7-b949-f9df99b1d42e-2/800/800', 'Fresh Wooden Towels image', 2),
  ('e17abfe6-a27f-4e62-b8cc-06c53fa02c3c', '52871a65-2759-4490-a163-9f887c155625', 'https://picsum.photos/seed/52871a65-2759-4490-a163-9f887c155625-0/800/800', 'Frozen Wooden Soap image', 0),
  ('d1c36f6e-7171-4935-870b-ddd2949669cd', '52871a65-2759-4490-a163-9f887c155625', 'https://picsum.photos/seed/52871a65-2759-4490-a163-9f887c155625-1/800/800', 'Unbranded Bronze Bacon image', 1),
  ('cb9b1564-2296-40a8-a197-c1efacde4eaa', 'd3b7a52f-abe1-48d3-b67e-45932982aae5', 'https://picsum.photos/seed/d3b7a52f-abe1-48d3-b67e-45932982aae5-0/800/800', 'Rustic Granite Cheese image', 0),
  ('3f2386c9-6c47-4f20-8ab7-519cd0451878', 'd3b7a52f-abe1-48d3-b67e-45932982aae5', 'https://picsum.photos/seed/d3b7a52f-abe1-48d3-b67e-45932982aae5-1/800/800', 'Bespoke Wooden Mouse image', 1),
  ('fe92d43e-d343-45c8-b5c3-5b273e660002', '9a63b018-01f3-4e76-a205-747c798214b4', 'https://picsum.photos/seed/9a63b018-01f3-4e76-a205-747c798214b4-0/800/800', 'Oriental Marble Car image', 0),
  ('a5b20474-4695-4b86-8e75-f18bc929ab08', '9a63b018-01f3-4e76-a205-747c798214b4', 'https://picsum.photos/seed/9a63b018-01f3-4e76-a205-747c798214b4-1/800/800', 'Luxurious Steel Pants image', 1),
  ('e954eefd-f63c-4a2f-b975-80086bd1f957', '9a63b018-01f3-4e76-a205-747c798214b4', 'https://picsum.photos/seed/9a63b018-01f3-4e76-a205-747c798214b4-2/800/800', 'Licensed Metal Shirt image', 2),
  ('b5e4eb2f-643d-43bf-a2c7-321f1d981752', '25369c14-ae61-46f5-a9c1-9f9ee8698deb', 'https://picsum.photos/seed/25369c14-ae61-46f5-a9c1-9f9ee8698deb-0/800/800', 'Oriental Aluminum Chips image', 0),
  ('4766cc94-197f-48e8-a203-8ba81c83c66e', '25369c14-ae61-46f5-a9c1-9f9ee8698deb', 'https://picsum.photos/seed/25369c14-ae61-46f5-a9c1-9f9ee8698deb-1/800/800', 'Handcrafted Ceramic Towels image', 1),
  ('a5425373-b4e2-4a7d-b869-3d49aa23d3b9', 'e4a83596-dd52-453e-aabc-cb067b4a5480', 'https://picsum.photos/seed/e4a83596-dd52-453e-aabc-cb067b4a5480-0/800/800', 'Generic Gold Hat image', 0),
  ('fc8471be-6371-4df6-a3f9-64accee5f653', 'e4a83596-dd52-453e-aabc-cb067b4a5480', 'https://picsum.photos/seed/e4a83596-dd52-453e-aabc-cb067b4a5480-1/800/800', 'Gorgeous Granite Salad image', 1),
  ('6c2744d9-9da7-4b37-bf37-c605f6ca2386', 'e4a83596-dd52-453e-aabc-cb067b4a5480', 'https://picsum.photos/seed/e4a83596-dd52-453e-aabc-cb067b4a5480-2/800/800', 'Intelligent Aluminum Car image', 2),
  ('fb1ad1e2-985b-45e9-9e52-ce8800bc7142', '3a663c55-c656-4426-a8b9-32c47bac917e', 'https://picsum.photos/seed/3a663c55-c656-4426-a8b9-32c47bac917e-0/800/800', 'Sleek Granite Table image', 0),
  ('8788f2e5-4a9f-44bb-872c-15e8f5d71b90', 'ab230c8b-8a39-491e-be08-da80edfae6ac', 'https://picsum.photos/seed/ab230c8b-8a39-491e-be08-da80edfae6ac-0/800/800', 'Gorgeous Plastic Gloves image', 0),
  ('23f7623f-fad1-4234-b77e-a425bea36d5f', 'ab230c8b-8a39-491e-be08-da80edfae6ac', 'https://picsum.photos/seed/ab230c8b-8a39-491e-be08-da80edfae6ac-1/800/800', 'Gorgeous Granite Ball image', 1),
  ('0db3e563-71ca-49ff-834c-e440ada93502', 'e5660cf0-0204-4fe3-bc1c-c126864aed6e', 'https://picsum.photos/seed/e5660cf0-0204-4fe3-bc1c-c126864aed6e-0/800/800', 'Awesome Bamboo Soap image', 0),
  ('7e775a45-fe58-4670-a863-847a307b38e6', 'e5660cf0-0204-4fe3-bc1c-c126864aed6e', 'https://picsum.photos/seed/e5660cf0-0204-4fe3-bc1c-c126864aed6e-1/800/800', 'Elegant Ceramic Hat image', 1),
  ('5abb65b6-79fa-4ad2-a02a-93c96f05ace9', 'fdd843f7-af94-43bb-9664-f364b830e2a6', 'https://picsum.photos/seed/fdd843f7-af94-43bb-9664-f364b830e2a6-0/800/800', 'Frozen Wooden Cheese image', 0),
  ('d95f8406-f688-4c3f-aa3c-fda4ceef9672', 'e48f0f82-b761-4930-ace3-9daa8b7190ef', 'https://picsum.photos/seed/e48f0f82-b761-4930-ace3-9daa8b7190ef-0/800/800', 'Bespoke Granite Chair image', 0),
  ('df2e8a87-d99b-48eb-91d0-b77d1c6ad664', 'e48f0f82-b761-4930-ace3-9daa8b7190ef', 'https://picsum.photos/seed/e48f0f82-b761-4930-ace3-9daa8b7190ef-1/800/800', 'Incredible Aluminum Cheese image', 1),
  ('1585e5b1-4ace-4d4f-bc80-d0a91ce2bf2e', 'a1688f27-9e92-4a8e-8b6f-edcf37720023', 'https://picsum.photos/seed/a1688f27-9e92-4a8e-8b6f-edcf37720023-0/800/800', 'Soft Granite Bacon image', 0),
  ('66c503a8-a4af-4d96-b02f-5813150dd90f', 'a1688f27-9e92-4a8e-8b6f-edcf37720023', 'https://picsum.photos/seed/a1688f27-9e92-4a8e-8b6f-edcf37720023-1/800/800', 'Rustic Silk Chicken image', 1),
  ('883a5a0d-dc0b-4ec7-bd83-16f0ca42effa', 'a1688f27-9e92-4a8e-8b6f-edcf37720023', 'https://picsum.photos/seed/a1688f27-9e92-4a8e-8b6f-edcf37720023-2/800/800', 'Handcrafted Ceramic Pizza image', 2),
  ('a3b1eb95-285c-4837-8d12-027fe4dcc269', 'd42b263a-c519-42de-bbfc-9ebc8580d546', 'https://picsum.photos/seed/d42b263a-c519-42de-bbfc-9ebc8580d546-0/800/800', 'Handcrafted Bamboo Table image', 0),
  ('e892502f-9701-4133-9283-3cb19c5a44a9', 'd42b263a-c519-42de-bbfc-9ebc8580d546', 'https://picsum.photos/seed/d42b263a-c519-42de-bbfc-9ebc8580d546-1/800/800', 'Gorgeous Granite Keyboard image', 1),
  ('993f939c-a46f-4717-aea6-390144f92e85', 'ed7f8d76-4090-4661-8a6b-545c3837bdc3', 'https://picsum.photos/seed/ed7f8d76-4090-4661-8a6b-545c3837bdc3-0/800/800', 'Fresh Ceramic Gloves image', 0),
  ('33093b1d-8196-4518-acfb-8966cc23a54f', 'a08e94b1-c745-4939-9c13-c37c3af163be', 'https://picsum.photos/seed/a08e94b1-c745-4939-9c13-c37c3af163be-0/800/800', 'Luxurious Bamboo Shoes image', 0),
  ('4bcf31df-6d96-47ba-a415-f7ad01760c55', 'a08e94b1-c745-4939-9c13-c37c3af163be', 'https://picsum.photos/seed/a08e94b1-c745-4939-9c13-c37c3af163be-1/800/800', 'Refined Bronze Fish image', 1),
  ('da2db109-086e-45be-8546-b25c51621d1e', '42eeb6ea-99d4-450b-ab53-50b7db69061f', 'https://picsum.photos/seed/42eeb6ea-99d4-450b-ab53-50b7db69061f-0/800/800', 'Incredible Bamboo Computer image', 0),
  ('c985b2f1-56ac-428c-b66b-e5c23c43d9c6', '42eeb6ea-99d4-450b-ab53-50b7db69061f', 'https://picsum.photos/seed/42eeb6ea-99d4-450b-ab53-50b7db69061f-1/800/800', 'Soft Silk Shoes image', 1),
  ('ba8ad988-9bb4-41e4-a37e-7fee459ac319', 'baa55125-a8fa-4a0e-9c31-df02482097b8', 'https://picsum.photos/seed/baa55125-a8fa-4a0e-9c31-df02482097b8-0/800/800', 'Tasty Steel Bike image', 0),
  ('2659d29a-076d-4f48-8922-760541e938ed', 'baa55125-a8fa-4a0e-9c31-df02482097b8', 'https://picsum.photos/seed/baa55125-a8fa-4a0e-9c31-df02482097b8-1/800/800', 'Tasty Bamboo Pants image', 1),
  ('97b3f426-5b44-4a7b-a8ee-84a782899528', 'baa55125-a8fa-4a0e-9c31-df02482097b8', 'https://picsum.photos/seed/baa55125-a8fa-4a0e-9c31-df02482097b8-2/800/800', 'Unbranded Silk Chicken image', 2),
  ('0b3937c5-30fd-472b-9c46-61b3a78d197d', 'c43a08ba-8266-4877-9ef5-2c3c56cfb5bb', 'https://picsum.photos/seed/c43a08ba-8266-4877-9ef5-2c3c56cfb5bb-0/800/800', 'Rustic Cotton Soap image', 0),
  ('d704f673-ea2f-4908-a045-f19ac6e5b095', 'cd838b04-0ae1-4775-ad9d-f5ffdf7a1055', 'https://picsum.photos/seed/cd838b04-0ae1-4775-ad9d-f5ffdf7a1055-0/800/800', 'Refined Wooden Gloves image', 0),
  ('2d7921fc-3853-45f0-8af8-442b65954868', 'cd838b04-0ae1-4775-ad9d-f5ffdf7a1055', 'https://picsum.photos/seed/cd838b04-0ae1-4775-ad9d-f5ffdf7a1055-1/800/800', 'Frozen Granite Keyboard image', 1),
  ('569ed20b-b6da-48e9-9565-fd8bb8a2cec0', '5deed19e-138a-4d07-b4e4-13f6ed38238e', 'https://picsum.photos/seed/5deed19e-138a-4d07-b4e4-13f6ed38238e-0/800/800', 'Handmade Marble Pants image', 0),
  ('cccd1b0b-ed58-46fc-9130-1d0e59f891fa', '5deed19e-138a-4d07-b4e4-13f6ed38238e', 'https://picsum.photos/seed/5deed19e-138a-4d07-b4e4-13f6ed38238e-1/800/800', 'Soft Gold Chair image', 1),
  ('4283e59b-62bc-46dd-a137-d1bb244ee8a6', '5deed19e-138a-4d07-b4e4-13f6ed38238e', 'https://picsum.photos/seed/5deed19e-138a-4d07-b4e4-13f6ed38238e-2/800/800', 'Recycled Aluminum Keyboard image', 2),
  ('3797366e-8b79-4535-981b-beddc61c54a1', '2d914fc4-1960-4b48-95f1-49637f58c139', 'https://picsum.photos/seed/2d914fc4-1960-4b48-95f1-49637f58c139-0/800/800', 'Unbranded Aluminum Towels image', 0),
  ('f6b4b2f0-fbb9-415f-b9fc-6d2eed2fbddf', '2d914fc4-1960-4b48-95f1-49637f58c139', 'https://picsum.photos/seed/2d914fc4-1960-4b48-95f1-49637f58c139-1/800/800', 'Electronic Gold Chips image', 1),
  ('9703fbf1-60cd-4cf6-b3fa-05c4fa29d9f6', '2d914fc4-1960-4b48-95f1-49637f58c139', 'https://picsum.photos/seed/2d914fc4-1960-4b48-95f1-49637f58c139-2/800/800', 'Tasty Metal Bike image', 2),
  ('c5d6099a-9d94-4e0d-9ab6-c1593e452a3a', 'd4987366-5d10-4efd-a314-6aebb9f2b5b8', 'https://picsum.photos/seed/d4987366-5d10-4efd-a314-6aebb9f2b5b8-0/800/800', 'Refined Bamboo Shirt image', 0),
  ('20679f1b-6927-4912-91a0-51839fb85169', '2d9509a5-92c9-402b-9521-c56ba87d0e19', 'https://picsum.photos/seed/2d9509a5-92c9-402b-9521-c56ba87d0e19-0/800/800', 'Soft Bronze Cheese image', 0),
  ('5f0d8a72-ddc8-4584-8ed1-d94a8356dae8', '2d9509a5-92c9-402b-9521-c56ba87d0e19', 'https://picsum.photos/seed/2d9509a5-92c9-402b-9521-c56ba87d0e19-1/800/800', 'Refined Plastic Bike image', 1),
  ('a81e2355-b1dd-40e9-882b-88ccd93f9740', '2d9509a5-92c9-402b-9521-c56ba87d0e19', 'https://picsum.photos/seed/2d9509a5-92c9-402b-9521-c56ba87d0e19-2/800/800', 'Refined Granite Pants image', 2),
  ('8a31fccc-a421-4adb-b473-eae11e330edd', '3e4b5f59-cfa0-4852-9a4a-30bae9a61141', 'https://picsum.photos/seed/3e4b5f59-cfa0-4852-9a4a-30bae9a61141-0/800/800', 'Gorgeous Wooden Pizza image', 0),
  ('faa49b7a-37a7-4cf7-b617-af3227178398', '47873632-d562-49c4-b820-7ec7b56663fb', 'https://picsum.photos/seed/47873632-d562-49c4-b820-7ec7b56663fb-0/800/800', 'Practical Marble Ball image', 0),
  ('ad005c78-ff70-41eb-a0e7-f6d30449bc53', '7380901a-b0b5-4077-a086-02dfc296a143', 'https://picsum.photos/seed/7380901a-b0b5-4077-a086-02dfc296a143-0/800/800', 'Sleek Plastic Chicken image', 0),
  ('ccc55733-53b7-475f-a362-391bdd637184', '7380901a-b0b5-4077-a086-02dfc296a143', 'https://picsum.photos/seed/7380901a-b0b5-4077-a086-02dfc296a143-1/800/800', 'Handmade Cotton Computer image', 1),
  ('31daedaf-21c4-4779-a526-d8055e472faf', '7380901a-b0b5-4077-a086-02dfc296a143', 'https://picsum.photos/seed/7380901a-b0b5-4077-a086-02dfc296a143-2/800/800', 'Rustic Ceramic Table image', 2),
  ('5358b9c8-9116-4715-8526-d01d886408af', '37a3bd28-d117-42d9-9604-6616386aa6b0', 'https://picsum.photos/seed/37a3bd28-d117-42d9-9604-6616386aa6b0-0/800/800', 'Modern Rubber Bacon image', 0),
  ('43cbe646-0bdb-4430-b06d-9e533fbc055d', '37a3bd28-d117-42d9-9604-6616386aa6b0', 'https://picsum.photos/seed/37a3bd28-d117-42d9-9604-6616386aa6b0-1/800/800', 'Unbranded Metal Pizza image', 1),
  ('7ca729b5-8746-432d-9bdb-471e0ed56382', '88763131-f54e-45dc-b419-f3b1d05877cc', 'https://picsum.photos/seed/88763131-f54e-45dc-b419-f3b1d05877cc-0/800/800', 'Gorgeous Aluminum Bacon image', 0),
  ('2646939f-9a6d-4a79-8c5d-c51e56c9a24f', '88763131-f54e-45dc-b419-f3b1d05877cc', 'https://picsum.photos/seed/88763131-f54e-45dc-b419-f3b1d05877cc-1/800/800', 'Recycled Ceramic Shirt image', 1),
  ('f0ea949f-d98e-4c8e-8186-403608ffcd21', '88763131-f54e-45dc-b419-f3b1d05877cc', 'https://picsum.photos/seed/88763131-f54e-45dc-b419-f3b1d05877cc-2/800/800', 'Oriental Gold Hat image', 2),
  ('a810970c-ef55-4318-8b67-f86c85ff395a', '8dc145d8-c826-4e76-b706-03e147f6dff0', 'https://picsum.photos/seed/8dc145d8-c826-4e76-b706-03e147f6dff0-0/800/800', 'Small Rubber Pants image', 0),
  ('534d1caa-178f-42eb-baa2-045589d83f43', '8dc145d8-c826-4e76-b706-03e147f6dff0', 'https://picsum.photos/seed/8dc145d8-c826-4e76-b706-03e147f6dff0-1/800/800', 'Luxurious Rubber Computer image', 1),
  ('90cf9dac-30ac-410f-a973-f33eb6f6bd6f', '305fe4fc-2b94-47d7-9fe2-5b01af833d3b', 'https://picsum.photos/seed/305fe4fc-2b94-47d7-9fe2-5b01af833d3b-0/800/800', 'Refined Wooden Towels image', 0),
  ('79f6834d-68bf-423b-80da-d62972550745', 'a248537c-1415-4f8f-b7dd-91700c12b89e', 'https://picsum.photos/seed/a248537c-1415-4f8f-b7dd-91700c12b89e-0/800/800', 'Ergonomic Silk Keyboard image', 0),
  ('717cd72a-b54a-4c5c-9403-974b8edbbd29', '52a567cc-d57e-486b-a7a3-ec5de59181f8', 'https://picsum.photos/seed/52a567cc-d57e-486b-a7a3-ec5de59181f8-0/800/800', 'Electronic Wooden Mouse image', 0),
  ('c952cb87-a49d-4d84-8fcb-c6643abed862', '52a567cc-d57e-486b-a7a3-ec5de59181f8', 'https://picsum.photos/seed/52a567cc-d57e-486b-a7a3-ec5de59181f8-1/800/800', 'Fresh Marble Shoes image', 1),
  ('91008cb2-c1db-46d6-b7a7-4ebbebac4eb1', '52a567cc-d57e-486b-a7a3-ec5de59181f8', 'https://picsum.photos/seed/52a567cc-d57e-486b-a7a3-ec5de59181f8-2/800/800', 'Frozen Silk Chair image', 2),
  ('e5eb2388-6e28-4116-b62c-d50627c64e47', 'b9364639-a9db-478f-80bb-a7fb8c7a5e1c', 'https://picsum.photos/seed/b9364639-a9db-478f-80bb-a7fb8c7a5e1c-0/800/800', 'Tasty Metal Bike image', 0),
  ('48895db8-8768-4516-9979-302d2aac9024', 'e50a7dee-8248-454b-8cf3-ae8555da7200', 'https://picsum.photos/seed/e50a7dee-8248-454b-8cf3-ae8555da7200-0/800/800', 'Electronic Granite Gloves image', 0),
  ('947d40ec-92f2-435e-aed5-378d62975036', 'ba828d01-9943-40d0-a205-11fdc299b2f2', 'https://picsum.photos/seed/ba828d01-9943-40d0-a205-11fdc299b2f2-0/800/800', 'Practical Concrete Pants image', 0),
  ('fc7b4744-d733-4f6b-86e4-440203a45b3e', 'ba828d01-9943-40d0-a205-11fdc299b2f2', 'https://picsum.photos/seed/ba828d01-9943-40d0-a205-11fdc299b2f2-1/800/800', 'Incredible Marble Mouse image', 1),
  ('ed83e24d-1b8e-4256-b977-1cfba2d36487', 'ba828d01-9943-40d0-a205-11fdc299b2f2', 'https://picsum.photos/seed/ba828d01-9943-40d0-a205-11fdc299b2f2-2/800/800', 'Unbranded Marble Ball image', 2),
  ('99671598-5a61-431c-aae5-3b29a97d85c2', '75113750-c7c2-4166-95e4-228a560a10de', 'https://picsum.photos/seed/75113750-c7c2-4166-95e4-228a560a10de-0/800/800', 'Incredible Marble Car image', 0),
  ('3b9ff9a2-5ca8-45b9-bbb6-5052742001c9', '75113750-c7c2-4166-95e4-228a560a10de', 'https://picsum.photos/seed/75113750-c7c2-4166-95e4-228a560a10de-1/800/800', 'Sleek Bamboo Cheese image', 1),
  ('a1be3ed4-b216-4b8b-860d-3c761befddee', '75113750-c7c2-4166-95e4-228a560a10de', 'https://picsum.photos/seed/75113750-c7c2-4166-95e4-228a560a10de-2/800/800', 'Soft Aluminum Cheese image', 2),
  ('3c2ae08c-8b4c-4e42-975b-7d4e36ec7b72', '5d3d392d-997e-4867-834e-e12485d17df1', 'https://picsum.photos/seed/5d3d392d-997e-4867-834e-e12485d17df1-0/800/800', 'Incredible Rubber Chair image', 0),
  ('f7374f6f-231e-4031-9f7a-f68dde192873', '5d3d392d-997e-4867-834e-e12485d17df1', 'https://picsum.photos/seed/5d3d392d-997e-4867-834e-e12485d17df1-1/800/800', 'Oriental Bronze Pants image', 1),
  ('68ff23ee-a8fb-479c-8354-7a50decf59cc', 'a09f2930-9d5e-4d65-ab0c-382bc5099a38', 'https://picsum.photos/seed/a09f2930-9d5e-4d65-ab0c-382bc5099a38-0/800/800', 'Fresh Plastic Towels image', 0),
  ('d0df4783-e471-44e2-8327-026e93cd44fc', 'a09f2930-9d5e-4d65-ab0c-382bc5099a38', 'https://picsum.photos/seed/a09f2930-9d5e-4d65-ab0c-382bc5099a38-1/800/800', 'Tasty Cotton Table image', 1),
  ('177eadfb-2858-4823-9385-506633f88a5a', 'a09f2930-9d5e-4d65-ab0c-382bc5099a38', 'https://picsum.photos/seed/a09f2930-9d5e-4d65-ab0c-382bc5099a38-2/800/800', 'Awesome Metal Ball image', 2),
  ('82f216ae-960c-4346-8475-f19a62a00106', '46308585-6597-4b42-b2ae-d4b91342ab79', 'https://picsum.photos/seed/46308585-6597-4b42-b2ae-d4b91342ab79-0/800/800', 'Electronic Bamboo Tuna image', 0),
  ('8ec42e87-2122-46a4-a5bd-f3d4b7bbbe7d', '46308585-6597-4b42-b2ae-d4b91342ab79', 'https://picsum.photos/seed/46308585-6597-4b42-b2ae-d4b91342ab79-1/800/800', 'Recycled Metal Car image', 1),
  ('3c5ee7a1-a8c3-4f38-9748-7d001e073e02', 'cf384dd5-3b0c-4713-8252-3adf45891858', 'https://picsum.photos/seed/cf384dd5-3b0c-4713-8252-3adf45891858-0/800/800', 'Small Bamboo Hat image', 0),
  ('a1080930-7776-49a0-8cea-503d5687d359', 'cf384dd5-3b0c-4713-8252-3adf45891858', 'https://picsum.photos/seed/cf384dd5-3b0c-4713-8252-3adf45891858-1/800/800', 'Soft Marble Cheese image', 1),
  ('692452fe-46b8-4fad-84cc-1b61a493645d', '4a3300b7-0455-4e30-a9e8-2724d84afb60', 'https://picsum.photos/seed/4a3300b7-0455-4e30-a9e8-2724d84afb60-0/800/800', 'Electronic Marble Shirt image', 0),
  ('d10709ff-6659-4c53-88f9-48b780fa36e4', '81332f48-0773-447d-ac0d-a25a7a159b97', 'https://picsum.photos/seed/81332f48-0773-447d-ac0d-a25a7a159b97-0/800/800', 'Oriental Plastic Ball image', 0),
  ('15afac0e-1eb7-4149-94e5-4321c375e73c', '81332f48-0773-447d-ac0d-a25a7a159b97', 'https://picsum.photos/seed/81332f48-0773-447d-ac0d-a25a7a159b97-1/800/800', 'Soft Silk Shirt image', 1),
  ('69e5c635-7bbb-43d9-bbcb-b7c168eb377f', '81332f48-0773-447d-ac0d-a25a7a159b97', 'https://picsum.photos/seed/81332f48-0773-447d-ac0d-a25a7a159b97-2/800/800', 'Refined Marble Chair image', 2),
  ('7a1b9c41-d779-440c-8b05-aeeeee99e7ec', '0d59da7c-ccb7-4ca4-a6cc-3ee9bcb01f01', 'https://picsum.photos/seed/0d59da7c-ccb7-4ca4-a6cc-3ee9bcb01f01-0/800/800', 'Luxurious Bronze Pants image', 0),
  ('93b31285-8977-4231-b627-55569e85eef1', '0d59da7c-ccb7-4ca4-a6cc-3ee9bcb01f01', 'https://picsum.photos/seed/0d59da7c-ccb7-4ca4-a6cc-3ee9bcb01f01-1/800/800', 'Ergonomic Steel Chicken image', 1),
  ('03482ddb-319f-4543-ae76-0cac12e14976', '3cf12fe9-1419-474e-9bd6-bf9cb0ae6d9f', 'https://picsum.photos/seed/3cf12fe9-1419-474e-9bd6-bf9cb0ae6d9f-0/800/800', 'Elegant Bamboo Chicken image', 0),
  ('b3003eec-f004-4506-9494-a7388484e6e2', '3cf12fe9-1419-474e-9bd6-bf9cb0ae6d9f', 'https://picsum.photos/seed/3cf12fe9-1419-474e-9bd6-bf9cb0ae6d9f-1/800/800', 'Elegant Cotton Salad image', 1),
  ('fa982d5b-8fc2-4f71-b03d-15dedfbb27fb', '38e7252e-a8b8-497c-83a6-7c9b88f81c3c', 'https://picsum.photos/seed/38e7252e-a8b8-497c-83a6-7c9b88f81c3c-0/800/800', 'Sleek Bronze Gloves image', 0),
  ('332b5208-3ad0-40a4-82bd-2d08c4bf778a', '1108239a-fec1-4091-8d77-a60b8bb3185f', 'https://picsum.photos/seed/1108239a-fec1-4091-8d77-a60b8bb3185f-0/800/800', 'Handmade Concrete Gloves image', 0),
  ('3314e1df-35f3-489c-8bba-e69059dc0872', 'a97ca602-8fec-458b-87ef-9436e927a8cc', 'https://picsum.photos/seed/a97ca602-8fec-458b-87ef-9436e927a8cc-0/800/800', 'Handcrafted Gold Shirt image', 0),
  ('78eaa03c-4f92-4c28-8bf3-db24de3d9a26', '6d0bc617-129e-489b-b4fe-17fae4a9c541', 'https://picsum.photos/seed/6d0bc617-129e-489b-b4fe-17fae4a9c541-0/800/800', 'Modern Gold Towels image', 0),
  ('c4df939e-76ab-4d63-896a-93bcf06ed620', '6d0bc617-129e-489b-b4fe-17fae4a9c541', 'https://picsum.photos/seed/6d0bc617-129e-489b-b4fe-17fae4a9c541-1/800/800', 'Sleek Rubber Cheese image', 1),
  ('df14641e-bd99-4c42-9873-bb5cda242861', 'aceb9ddd-b147-4fbd-807e-4eab944f5f18', 'https://picsum.photos/seed/aceb9ddd-b147-4fbd-807e-4eab944f5f18-0/800/800', 'Tasty Wooden Chicken image', 0),
  ('f1c21b14-27ba-48f8-907b-852f1c98b8f8', 'aceb9ddd-b147-4fbd-807e-4eab944f5f18', 'https://picsum.photos/seed/aceb9ddd-b147-4fbd-807e-4eab944f5f18-1/800/800', 'Incredible Cotton Ball image', 1),
  ('e6591b7e-238f-4c85-8614-b0d46ad5751c', 'aceb9ddd-b147-4fbd-807e-4eab944f5f18', 'https://picsum.photos/seed/aceb9ddd-b147-4fbd-807e-4eab944f5f18-2/800/800', 'Handmade Rubber Soap image', 2),
  ('737b3347-1df7-4503-b5d1-9119ba855818', '06341e4d-0719-4a2f-b595-c48873a36d4a', 'https://picsum.photos/seed/06341e4d-0719-4a2f-b595-c48873a36d4a-0/800/800', 'Licensed Plastic Fish image', 0),
  ('7f558066-85c9-428c-baa9-6447cbfdc587', '06341e4d-0719-4a2f-b595-c48873a36d4a', 'https://picsum.photos/seed/06341e4d-0719-4a2f-b595-c48873a36d4a-1/800/800', 'Luxurious Steel Chips image', 1),
  ('54e14372-6aa4-4c62-ad6f-272ebc03a4f1', '06341e4d-0719-4a2f-b595-c48873a36d4a', 'https://picsum.photos/seed/06341e4d-0719-4a2f-b595-c48873a36d4a-2/800/800', 'Gorgeous Rubber Towels image', 2),
  ('7660193f-df1c-4e0c-b7bf-bca283e0a561', '488db838-b3ac-4156-be9b-9d7b871dc1b8', 'https://picsum.photos/seed/488db838-b3ac-4156-be9b-9d7b871dc1b8-0/800/800', 'Oriental Granite Tuna image', 0),
  ('2079b49f-3ebd-4324-a36b-17052de18c76', '488db838-b3ac-4156-be9b-9d7b871dc1b8', 'https://picsum.photos/seed/488db838-b3ac-4156-be9b-9d7b871dc1b8-1/800/800', 'Licensed Metal Salad image', 1),
  ('c7203c9b-db86-47c3-998b-49446b17b0b9', '04f2fe40-44fd-4e45-bc84-bc1f177f3fda', 'https://picsum.photos/seed/04f2fe40-44fd-4e45-bc84-bc1f177f3fda-0/800/800', 'Electronic Marble Towels image', 0),
  ('d958aa53-907f-4ca5-a449-29cee76434c2', 'c4136b99-0941-475f-a3bc-47042f066ae8', 'https://picsum.photos/seed/c4136b99-0941-475f-a3bc-47042f066ae8-0/800/800', 'Modern Cotton Towels image', 0),
  ('70b5aab1-3e9b-414c-b2fd-51e9f623a67b', 'd837d228-9937-4f27-bfd4-138bfd2dbe5c', 'https://picsum.photos/seed/d837d228-9937-4f27-bfd4-138bfd2dbe5c-0/800/800', 'Oriental Steel Fish image', 0),
  ('c6f74006-8dfb-4130-abbf-ab99a7079984', '619c3bcf-d976-4597-8c6c-0e2dbd8fad46', 'https://picsum.photos/seed/619c3bcf-d976-4597-8c6c-0e2dbd8fad46-0/800/800', 'Awesome Ceramic Bike image', 0),
  ('79cf467c-64f4-4abd-83d9-98a824301679', '619c3bcf-d976-4597-8c6c-0e2dbd8fad46', 'https://picsum.photos/seed/619c3bcf-d976-4597-8c6c-0e2dbd8fad46-1/800/800', 'Licensed Steel Cheese image', 1),
  ('e61db819-049d-4d30-88c2-04df0e9acfbb', '118e53dc-b451-4029-bc15-00152e6f5e2a', 'https://picsum.photos/seed/118e53dc-b451-4029-bc15-00152e6f5e2a-0/800/800', 'Licensed Metal Salad image', 0);

-- Inserting into product_variant_attributes
INSERT INTO "public"."product_variant_attributes" ("variant_id", "attribute_value_id") VALUES
  ('9b410a48-1a6c-4d44-979e-9668f3c647d5', 'ec9dee75-1efa-4487-a04c-da65e8329a7c'),
  ('fc474269-3b9e-4b69-8083-b56c4d31c3c9', '3c1f3807-7e08-4f1c-b675-0ca98d6904f1'),
  ('fc474269-3b9e-4b69-8083-b56c4d31c3c9', 'eaca6708-7e10-4101-9e72-5fff46c54ecb'),
  ('be7aa9f9-fb76-416c-9bfa-157152fcc708', '0fd2234f-f947-487a-acfa-32bcc4d3b682'),
  ('0d161b59-8776-4dcb-87f1-82974ff3a06a', '18a3ee57-383d-4d1a-8862-61334409f46c'),
  ('0d161b59-8776-4dcb-87f1-82974ff3a06a', '73c09b78-ede0-4bd4-9e6e-b543bd5d7efe'),
  ('c358fb6b-99bc-4c84-b6b9-4f82a4d8e176', 'a0c423b3-2875-4020-a3b7-593c3606e8da'),
  ('c358fb6b-99bc-4c84-b6b9-4f82a4d8e176', '5a297dcf-3f0c-4c6a-b994-6e6ecc0f2fe9'),
  ('c358fb6b-99bc-4c84-b6b9-4f82a4d8e176', '066fd848-bf88-4619-8cc8-8fe3b394c0bb'),
  ('c2c31682-44de-4e93-a46b-cdecc6ca4973', 'f920ca95-0b08-4958-bbdc-7ad5809ba3fd'),
  ('c2c31682-44de-4e93-a46b-cdecc6ca4973', 'e69e72f8-46dd-4976-aa64-ac75b5a4d26d'),
  ('348d9f3f-a850-4060-a371-23862a8a3f05', 'a75c2c47-7f1c-463c-abbd-e35f880e98bf'),
  ('348d9f3f-a850-4060-a371-23862a8a3f05', 'cfb42beb-6592-408d-aebc-d735b4525568'),
  ('c17af9a2-b308-4f49-b017-b4f4600dfba7', 'fa2fb904-7b91-4015-a2ce-ea8fc2e00105'),
  ('69ea499b-4aee-4c4b-8ade-1132565fe802', '0fd2234f-f947-487a-acfa-32bcc4d3b682'),
  ('69ea499b-4aee-4c4b-8ade-1132565fe802', '5a297dcf-3f0c-4c6a-b994-6e6ecc0f2fe9'),
  ('40c897d2-eaa7-4983-b556-4e08e90001e9', '18a3ee57-383d-4d1a-8862-61334409f46c'),
  ('e4771901-5ddf-456e-9b97-608a918451eb', 'f5aadddd-93f4-4949-a38a-35a6dc848a82'),
  ('e4771901-5ddf-456e-9b97-608a918451eb', '5e82f41b-038a-4fb6-ba9b-9e6610341bfc'),
  ('f08de080-cd5f-4250-a5e3-df4af09a3f38', 'a31026c7-e8a9-40fa-9170-bd1d7729ae42'),
  ('f08de080-cd5f-4250-a5e3-df4af09a3f38', '066fd848-bf88-4619-8cc8-8fe3b394c0bb'),
  ('d589ab9c-4dfa-47ac-b9b7-b96f67ae9640', '73c09b78-ede0-4bd4-9e6e-b543bd5d7efe'),
  ('d589ab9c-4dfa-47ac-b9b7-b96f67ae9640', 'b0bb1d0a-b10e-4e12-af40-6060941348ad'),
  ('16adfb26-a49f-4348-8f4e-3c57df320d79', 'b0bb1d0a-b10e-4e12-af40-6060941348ad'),
  ('e8af5107-c9b6-4493-a0d7-710b66cad6c0', 'e24cb54a-1922-4f85-a7eb-a275571c61a5'),
  ('e8af5107-c9b6-4493-a0d7-710b66cad6c0', 'eb9938ac-9000-4da7-878f-b049b62f5501'),
  ('7aa4e6b8-c519-4fed-b7b7-c630199f8350', 'f920ca95-0b08-4958-bbdc-7ad5809ba3fd'),
  ('7aa4e6b8-c519-4fed-b7b7-c630199f8350', 'eb9938ac-9000-4da7-878f-b049b62f5501'),
  ('000b25b9-556d-4fa1-9d7c-d04e44dc046f', 'eaca6708-7e10-4101-9e72-5fff46c54ecb'),
  ('000b25b9-556d-4fa1-9d7c-d04e44dc046f', '3b1da3f5-f51a-4d70-83b4-8655fcb0d8c2'),
  ('0e6d5679-1836-461d-87c2-e59f7216d7b4', 'fa2fb904-7b91-4015-a2ce-ea8fc2e00105'),
  ('0e6d5679-1836-461d-87c2-e59f7216d7b4', '1fe698b7-665b-4585-8465-364d8b93db68'),
  ('bf591fe8-2d19-4457-afc8-bd0030cc1d20', '1fe698b7-665b-4585-8465-364d8b93db68'),
  ('bf591fe8-2d19-4457-afc8-bd0030cc1d20', 'f920ca95-0b08-4958-bbdc-7ad5809ba3fd'),
  ('bf591fe8-2d19-4457-afc8-bd0030cc1d20', 'a0c423b3-2875-4020-a3b7-593c3606e8da'),
  ('ad80d8fd-8965-4458-95c5-1a7013c4b74c', 'a75c2c47-7f1c-463c-abbd-e35f880e98bf'),
  ('ad80d8fd-8965-4458-95c5-1a7013c4b74c', 'b1228d20-3093-4e38-becd-650f8be1c6a7'),
  ('a65a9908-58a0-4076-89f7-58ee50309f5b', '066fd848-bf88-4619-8cc8-8fe3b394c0bb'),
  ('a65a9908-58a0-4076-89f7-58ee50309f5b', 'a75c2c47-7f1c-463c-abbd-e35f880e98bf'),
  ('9d6b033c-4d02-4e5a-a649-3429c5fa0a5d', '066fd848-bf88-4619-8cc8-8fe3b394c0bb'),
  ('9d6b033c-4d02-4e5a-a649-3429c5fa0a5d', 'eaca6708-7e10-4101-9e72-5fff46c54ecb'),
  ('4630e6f9-6792-40f7-b816-63e78361723a', 'f920ca95-0b08-4958-bbdc-7ad5809ba3fd'),
  ('4630e6f9-6792-40f7-b816-63e78361723a', '5a297dcf-3f0c-4c6a-b994-6e6ecc0f2fe9'),
  ('4630e6f9-6792-40f7-b816-63e78361723a', '0fd2234f-f947-487a-acfa-32bcc4d3b682'),
  ('4e1b3e7a-9fe9-442d-951e-b614cf3812f7', '0fd2234f-f947-487a-acfa-32bcc4d3b682'),
  ('4e1b3e7a-9fe9-442d-951e-b614cf3812f7', '3c1f3807-7e08-4f1c-b675-0ca98d6904f1'),
  ('c85c3120-0d2b-4d77-b0dd-dcb4f2f8a9a1', 'a31026c7-e8a9-40fa-9170-bd1d7729ae42'),
  ('c85c3120-0d2b-4d77-b0dd-dcb4f2f8a9a1', 'cfb42beb-6592-408d-aebc-d735b4525568'),
  ('c85c3120-0d2b-4d77-b0dd-dcb4f2f8a9a1', 'f5aadddd-93f4-4949-a38a-35a6dc848a82'),
  ('8e91f2bc-b51c-4484-b61a-35cf73c3fc96', '84eca9b4-ea14-4256-a8be-ca237546a610'),
  ('8e91f2bc-b51c-4484-b61a-35cf73c3fc96', 'e24cb54a-1922-4f85-a7eb-a275571c61a5'),
  ('28fcaa89-a5b0-4b45-9c98-24988072af03', '5a297dcf-3f0c-4c6a-b994-6e6ecc0f2fe9'),
  ('28fcaa89-a5b0-4b45-9c98-24988072af03', 'ec9dee75-1efa-4487-a04c-da65e8329a7c'),
  ('28fcaa89-a5b0-4b45-9c98-24988072af03', '3c1f3807-7e08-4f1c-b675-0ca98d6904f1'),
  ('31ccde97-d400-4c13-809d-5be9cf357add', '066fd848-bf88-4619-8cc8-8fe3b394c0bb'),
  ('31ccde97-d400-4c13-809d-5be9cf357add', '3a3b29f7-110f-47ce-a076-cb25d3cdbfbb'),
  ('5544ce2e-c50c-4d8e-b51b-6fe01be2b034', 'b1228d20-3093-4e38-becd-650f8be1c6a7'),
  ('31c6e625-a38e-48fa-acd8-3cf9221ac25b', 'd6ad447f-6efa-46ba-81cf-9b240f2743ea'),
  ('173d5174-b573-4bca-8a9e-938c8fbe1555', 'a75c2c47-7f1c-463c-abbd-e35f880e98bf'),
  ('173d5174-b573-4bca-8a9e-938c8fbe1555', '3b1da3f5-f51a-4d70-83b4-8655fcb0d8c2'),
  ('173d5174-b573-4bca-8a9e-938c8fbe1555', 'f920ca95-0b08-4958-bbdc-7ad5809ba3fd'),
  ('c0e88356-b3de-4412-bda7-e79087b5acb1', '5a297dcf-3f0c-4c6a-b994-6e6ecc0f2fe9'),
  ('c0e88356-b3de-4412-bda7-e79087b5acb1', 'fa2fb904-7b91-4015-a2ce-ea8fc2e00105'),
  ('c0e88356-b3de-4412-bda7-e79087b5acb1', 'a0c423b3-2875-4020-a3b7-593c3606e8da'),
  ('3497278c-caa6-4ee5-a3e1-143cf8e74e26', 'e24cb54a-1922-4f85-a7eb-a275571c61a5'),
  ('3497278c-caa6-4ee5-a3e1-143cf8e74e26', 'b1228d20-3093-4e38-becd-650f8be1c6a7'),
  ('1bf66d8b-5318-47b6-9921-f02ddd827771', '84eca9b4-ea14-4256-a8be-ca237546a610'),
  ('1bf66d8b-5318-47b6-9921-f02ddd827771', '0fd2234f-f947-487a-acfa-32bcc4d3b682'),
  ('6348f0ad-8fbd-4b36-917d-de57dd6b36e5', '26599ad9-7829-44b6-b37d-0270100d6bc0'),
  ('6348f0ad-8fbd-4b36-917d-de57dd6b36e5', 'ec9dee75-1efa-4487-a04c-da65e8329a7c'),
  ('e8e367bf-8f17-403f-b420-924fe5883baa', 'a75c2c47-7f1c-463c-abbd-e35f880e98bf'),
  ('e8e367bf-8f17-403f-b420-924fe5883baa', 'e24cb54a-1922-4f85-a7eb-a275571c61a5'),
  ('6c8257aa-7973-4f78-a649-2088c6268df8', '066fd848-bf88-4619-8cc8-8fe3b394c0bb'),
  ('f23fa488-0094-4490-bd7a-4111aed04e2a', 'eaca6708-7e10-4101-9e72-5fff46c54ecb'),
  ('f23fa488-0094-4490-bd7a-4111aed04e2a', 'cfb42beb-6592-408d-aebc-d735b4525568'),
  ('f23fa488-0094-4490-bd7a-4111aed04e2a', '3c1f3807-7e08-4f1c-b675-0ca98d6904f1'),
  ('dde60a62-99c9-45e0-87dc-fd907751bbe6', 'fb44de37-bf2a-4ab6-94fb-da9d28366b7e'),
  ('dde60a62-99c9-45e0-87dc-fd907751bbe6', 'e24cb54a-1922-4f85-a7eb-a275571c61a5'),
  ('dde60a62-99c9-45e0-87dc-fd907751bbe6', '3a3b29f7-110f-47ce-a076-cb25d3cdbfbb'),
  ('0019e476-9510-4f6c-b149-9b1b5e953929', '2d6d724c-753c-42ef-b6d0-157ba59893b0'),
  ('0019e476-9510-4f6c-b149-9b1b5e953929', 'e69e72f8-46dd-4976-aa64-ac75b5a4d26d'),
  ('56107aaa-92c7-4e53-a89c-0b680d3d3ebe', 'e24cb54a-1922-4f85-a7eb-a275571c61a5'),
  ('9a0260df-07b2-48d1-a0ca-2895e4c38492', '18a3ee57-383d-4d1a-8862-61334409f46c'),
  ('9a0260df-07b2-48d1-a0ca-2895e4c38492', '3b1da3f5-f51a-4d70-83b4-8655fcb0d8c2'),
  ('9a0260df-07b2-48d1-a0ca-2895e4c38492', 'd6ad447f-6efa-46ba-81cf-9b240f2743ea'),
  ('9d6eff1b-80d9-4902-9788-631d80174062', '5e82f41b-038a-4fb6-ba9b-9e6610341bfc'),
  ('9d6eff1b-80d9-4902-9788-631d80174062', 'ec9dee75-1efa-4487-a04c-da65e8329a7c'),
  ('9d6eff1b-80d9-4902-9788-631d80174062', '73c09b78-ede0-4bd4-9e6e-b543bd5d7efe'),
  ('53ea9516-fab9-4dc7-b949-f9df99b1d42e', 'a31026c7-e8a9-40fa-9170-bd1d7729ae42'),
  ('53ea9516-fab9-4dc7-b949-f9df99b1d42e', '84eca9b4-ea14-4256-a8be-ca237546a610'),
  ('52871a65-2759-4490-a163-9f887c155625', '3a3b29f7-110f-47ce-a076-cb25d3cdbfbb'),
  ('52871a65-2759-4490-a163-9f887c155625', '0fd2234f-f947-487a-acfa-32bcc4d3b682'),
  ('d3b7a52f-abe1-48d3-b67e-45932982aae5', 'eb9938ac-9000-4da7-878f-b049b62f5501'),
  ('d3b7a52f-abe1-48d3-b67e-45932982aae5', '43bb7e23-eefc-472e-ba0e-7831fd82ad21'),
  ('d3b7a52f-abe1-48d3-b67e-45932982aae5', 'fa2fb904-7b91-4015-a2ce-ea8fc2e00105'),
  ('9a63b018-01f3-4e76-a205-747c798214b4', '26599ad9-7829-44b6-b37d-0270100d6bc0'),
  ('25369c14-ae61-46f5-a9c1-9f9ee8698deb', '3a9b5c67-24ed-4f58-aa5b-44708b9a44e6'),
  ('25369c14-ae61-46f5-a9c1-9f9ee8698deb', 'fa2fb904-7b91-4015-a2ce-ea8fc2e00105'),
  ('25369c14-ae61-46f5-a9c1-9f9ee8698deb', 'e69e72f8-46dd-4976-aa64-ac75b5a4d26d'),
  ('e4a83596-dd52-453e-aabc-cb067b4a5480', '84eca9b4-ea14-4256-a8be-ca237546a610'),
  ('3a663c55-c656-4426-a8b9-32c47bac917e', '43bb7e23-eefc-472e-ba0e-7831fd82ad21'),
  ('3a663c55-c656-4426-a8b9-32c47bac917e', '5a297dcf-3f0c-4c6a-b994-6e6ecc0f2fe9'),
  ('3a663c55-c656-4426-a8b9-32c47bac917e', 'a0c423b3-2875-4020-a3b7-593c3606e8da'),
  ('ab230c8b-8a39-491e-be08-da80edfae6ac', 'eaca6708-7e10-4101-9e72-5fff46c54ecb'),
  ('ab230c8b-8a39-491e-be08-da80edfae6ac', '18a3ee57-383d-4d1a-8862-61334409f46c'),
  ('e5660cf0-0204-4fe3-bc1c-c126864aed6e', 'f920ca95-0b08-4958-bbdc-7ad5809ba3fd'),
  ('e5660cf0-0204-4fe3-bc1c-c126864aed6e', '43bb7e23-eefc-472e-ba0e-7831fd82ad21'),
  ('e5660cf0-0204-4fe3-bc1c-c126864aed6e', '18a3ee57-383d-4d1a-8862-61334409f46c'),
  ('fdd843f7-af94-43bb-9664-f364b830e2a6', 'cfb42beb-6592-408d-aebc-d735b4525568'),
  ('e48f0f82-b761-4930-ace3-9daa8b7190ef', 'b1228d20-3093-4e38-becd-650f8be1c6a7'),
  ('a1688f27-9e92-4a8e-8b6f-edcf37720023', '1fe698b7-665b-4585-8465-364d8b93db68'),
  ('a1688f27-9e92-4a8e-8b6f-edcf37720023', '18a3ee57-383d-4d1a-8862-61334409f46c'),
  ('a1688f27-9e92-4a8e-8b6f-edcf37720023', '4ceb2d83-016d-4902-ac7a-10f8b8282804'),
  ('d42b263a-c519-42de-bbfc-9ebc8580d546', 'b0bb1d0a-b10e-4e12-af40-6060941348ad'),
  ('d42b263a-c519-42de-bbfc-9ebc8580d546', '5a297dcf-3f0c-4c6a-b994-6e6ecc0f2fe9'),
  ('d42b263a-c519-42de-bbfc-9ebc8580d546', 'cfb42beb-6592-408d-aebc-d735b4525568'),
  ('ed7f8d76-4090-4661-8a6b-545c3837bdc3', '26599ad9-7829-44b6-b37d-0270100d6bc0'),
  ('a08e94b1-c745-4939-9c13-c37c3af163be', '4ceb2d83-016d-4902-ac7a-10f8b8282804'),
  ('a08e94b1-c745-4939-9c13-c37c3af163be', '1fe698b7-665b-4585-8465-364d8b93db68'),
  ('42eeb6ea-99d4-450b-ab53-50b7db69061f', 'b0bb1d0a-b10e-4e12-af40-6060941348ad'),
  ('baa55125-a8fa-4a0e-9c31-df02482097b8', 'b1228d20-3093-4e38-becd-650f8be1c6a7'),
  ('c43a08ba-8266-4877-9ef5-2c3c56cfb5bb', 'b0bb1d0a-b10e-4e12-af40-6060941348ad'),
  ('c43a08ba-8266-4877-9ef5-2c3c56cfb5bb', 'f5aadddd-93f4-4949-a38a-35a6dc848a82'),
  ('c43a08ba-8266-4877-9ef5-2c3c56cfb5bb', '0fd2234f-f947-487a-acfa-32bcc4d3b682'),
  ('cd838b04-0ae1-4775-ad9d-f5ffdf7a1055', '5a297dcf-3f0c-4c6a-b994-6e6ecc0f2fe9'),
  ('cd838b04-0ae1-4775-ad9d-f5ffdf7a1055', '43bb7e23-eefc-472e-ba0e-7831fd82ad21'),
  ('5deed19e-138a-4d07-b4e4-13f6ed38238e', 'ec9dee75-1efa-4487-a04c-da65e8329a7c'),
  ('5deed19e-138a-4d07-b4e4-13f6ed38238e', 'a31026c7-e8a9-40fa-9170-bd1d7729ae42'),
  ('5deed19e-138a-4d07-b4e4-13f6ed38238e', 'f5aadddd-93f4-4949-a38a-35a6dc848a82'),
  ('2d914fc4-1960-4b48-95f1-49637f58c139', 'e73e9fcd-78fa-4855-8383-7465affdca18'),
  ('2d914fc4-1960-4b48-95f1-49637f58c139', 'a0c423b3-2875-4020-a3b7-593c3606e8da'),
  ('d4987366-5d10-4efd-a314-6aebb9f2b5b8', 'e73e9fcd-78fa-4855-8383-7465affdca18'),
  ('d4987366-5d10-4efd-a314-6aebb9f2b5b8', '2d6d724c-753c-42ef-b6d0-157ba59893b0'),
  ('2d9509a5-92c9-402b-9521-c56ba87d0e19', '18a3ee57-383d-4d1a-8862-61334409f46c'),
  ('2d9509a5-92c9-402b-9521-c56ba87d0e19', '4ceb2d83-016d-4902-ac7a-10f8b8282804'),
  ('2d9509a5-92c9-402b-9521-c56ba87d0e19', 'a75c2c47-7f1c-463c-abbd-e35f880e98bf'),
  ('3e4b5f59-cfa0-4852-9a4a-30bae9a61141', 'ec9dee75-1efa-4487-a04c-da65e8329a7c'),
  ('3e4b5f59-cfa0-4852-9a4a-30bae9a61141', '0fd2234f-f947-487a-acfa-32bcc4d3b682'),
  ('47873632-d562-49c4-b820-7ec7b56663fb', 'a0c423b3-2875-4020-a3b7-593c3606e8da'),
  ('47873632-d562-49c4-b820-7ec7b56663fb', 'fb44de37-bf2a-4ab6-94fb-da9d28366b7e'),
  ('7380901a-b0b5-4077-a086-02dfc296a143', '3a9b5c67-24ed-4f58-aa5b-44708b9a44e6'),
  ('37a3bd28-d117-42d9-9604-6616386aa6b0', '4ceb2d83-016d-4902-ac7a-10f8b8282804'),
  ('37a3bd28-d117-42d9-9604-6616386aa6b0', '1fe698b7-665b-4585-8465-364d8b93db68'),
  ('37a3bd28-d117-42d9-9604-6616386aa6b0', 'fa2fb904-7b91-4015-a2ce-ea8fc2e00105'),
  ('88763131-f54e-45dc-b419-f3b1d05877cc', 'eb9938ac-9000-4da7-878f-b049b62f5501'),
  ('88763131-f54e-45dc-b419-f3b1d05877cc', 'cfb42beb-6592-408d-aebc-d735b4525568'),
  ('8dc145d8-c826-4e76-b706-03e147f6dff0', '2d6d724c-753c-42ef-b6d0-157ba59893b0'),
  ('8dc145d8-c826-4e76-b706-03e147f6dff0', 'e24cb54a-1922-4f85-a7eb-a275571c61a5'),
  ('305fe4fc-2b94-47d7-9fe2-5b01af833d3b', '3b1da3f5-f51a-4d70-83b4-8655fcb0d8c2'),
  ('305fe4fc-2b94-47d7-9fe2-5b01af833d3b', 'ec9dee75-1efa-4487-a04c-da65e8329a7c'),
  ('a248537c-1415-4f8f-b7dd-91700c12b89e', '066fd848-bf88-4619-8cc8-8fe3b394c0bb'),
  ('a248537c-1415-4f8f-b7dd-91700c12b89e', 'e24cb54a-1922-4f85-a7eb-a275571c61a5'),
  ('52a567cc-d57e-486b-a7a3-ec5de59181f8', '2d6d724c-753c-42ef-b6d0-157ba59893b0'),
  ('b9364639-a9db-478f-80bb-a7fb8c7a5e1c', 'eaca6708-7e10-4101-9e72-5fff46c54ecb'),
  ('b9364639-a9db-478f-80bb-a7fb8c7a5e1c', 'fb44de37-bf2a-4ab6-94fb-da9d28366b7e'),
  ('e50a7dee-8248-454b-8cf3-ae8555da7200', 'e73e9fcd-78fa-4855-8383-7465affdca18'),
  ('ba828d01-9943-40d0-a205-11fdc299b2f2', 'a0c423b3-2875-4020-a3b7-593c3606e8da'),
  ('ba828d01-9943-40d0-a205-11fdc299b2f2', '43bb7e23-eefc-472e-ba0e-7831fd82ad21'),
  ('75113750-c7c2-4166-95e4-228a560a10de', '2d6d724c-753c-42ef-b6d0-157ba59893b0'),
  ('75113750-c7c2-4166-95e4-228a560a10de', '3b1da3f5-f51a-4d70-83b4-8655fcb0d8c2'),
  ('75113750-c7c2-4166-95e4-228a560a10de', '43bb7e23-eefc-472e-ba0e-7831fd82ad21'),
  ('5d3d392d-997e-4867-834e-e12485d17df1', '3a3b29f7-110f-47ce-a076-cb25d3cdbfbb'),
  ('5d3d392d-997e-4867-834e-e12485d17df1', 'f5aadddd-93f4-4949-a38a-35a6dc848a82'),
  ('5d3d392d-997e-4867-834e-e12485d17df1', 'fa2fb904-7b91-4015-a2ce-ea8fc2e00105'),
  ('a09f2930-9d5e-4d65-ab0c-382bc5099a38', '26599ad9-7829-44b6-b37d-0270100d6bc0'),
  ('46308585-6597-4b42-b2ae-d4b91342ab79', 'e24cb54a-1922-4f85-a7eb-a275571c61a5'),
  ('46308585-6597-4b42-b2ae-d4b91342ab79', '84eca9b4-ea14-4256-a8be-ca237546a610'),
  ('cf384dd5-3b0c-4713-8252-3adf45891858', '2d6d724c-753c-42ef-b6d0-157ba59893b0'),
  ('cf384dd5-3b0c-4713-8252-3adf45891858', 'eb9938ac-9000-4da7-878f-b049b62f5501'),
  ('4a3300b7-0455-4e30-a9e8-2724d84afb60', 'e73e9fcd-78fa-4855-8383-7465affdca18'),
  ('4a3300b7-0455-4e30-a9e8-2724d84afb60', '066fd848-bf88-4619-8cc8-8fe3b394c0bb'),
  ('4a3300b7-0455-4e30-a9e8-2724d84afb60', 'a0c423b3-2875-4020-a3b7-593c3606e8da'),
  ('81332f48-0773-447d-ac0d-a25a7a159b97', '3b1da3f5-f51a-4d70-83b4-8655fcb0d8c2'),
  ('81332f48-0773-447d-ac0d-a25a7a159b97', 'b1228d20-3093-4e38-becd-650f8be1c6a7'),
  ('0d59da7c-ccb7-4ca4-a6cc-3ee9bcb01f01', 'eaca6708-7e10-4101-9e72-5fff46c54ecb'),
  ('0d59da7c-ccb7-4ca4-a6cc-3ee9bcb01f01', 'd6ad447f-6efa-46ba-81cf-9b240f2743ea'),
  ('0d59da7c-ccb7-4ca4-a6cc-3ee9bcb01f01', 'a75c2c47-7f1c-463c-abbd-e35f880e98bf'),
  ('3cf12fe9-1419-474e-9bd6-bf9cb0ae6d9f', 'a75c2c47-7f1c-463c-abbd-e35f880e98bf'),
  ('3cf12fe9-1419-474e-9bd6-bf9cb0ae6d9f', '066fd848-bf88-4619-8cc8-8fe3b394c0bb'),
  ('38e7252e-a8b8-497c-83a6-7c9b88f81c3c', '43bb7e23-eefc-472e-ba0e-7831fd82ad21'),
  ('38e7252e-a8b8-497c-83a6-7c9b88f81c3c', '066fd848-bf88-4619-8cc8-8fe3b394c0bb'),
  ('1108239a-fec1-4091-8d77-a60b8bb3185f', '0fd2234f-f947-487a-acfa-32bcc4d3b682'),
  ('a97ca602-8fec-458b-87ef-9436e927a8cc', '73c09b78-ede0-4bd4-9e6e-b543bd5d7efe'),
  ('a97ca602-8fec-458b-87ef-9436e927a8cc', 'eaca6708-7e10-4101-9e72-5fff46c54ecb'),
  ('a97ca602-8fec-458b-87ef-9436e927a8cc', '0fd2234f-f947-487a-acfa-32bcc4d3b682'),
  ('6d0bc617-129e-489b-b4fe-17fae4a9c541', 'e73e9fcd-78fa-4855-8383-7465affdca18'),
  ('aceb9ddd-b147-4fbd-807e-4eab944f5f18', '0fd2234f-f947-487a-acfa-32bcc4d3b682'),
  ('06341e4d-0719-4a2f-b595-c48873a36d4a', 'd6ad447f-6efa-46ba-81cf-9b240f2743ea'),
  ('488db838-b3ac-4156-be9b-9d7b871dc1b8', 'ec9dee75-1efa-4487-a04c-da65e8329a7c'),
  ('04f2fe40-44fd-4e45-bc84-bc1f177f3fda', 'f920ca95-0b08-4958-bbdc-7ad5809ba3fd'),
  ('c4136b99-0941-475f-a3bc-47042f066ae8', 'a0c423b3-2875-4020-a3b7-593c3606e8da'),
  ('c4136b99-0941-475f-a3bc-47042f066ae8', '5a297dcf-3f0c-4c6a-b994-6e6ecc0f2fe9'),
  ('c4136b99-0941-475f-a3bc-47042f066ae8', 'fa2fb904-7b91-4015-a2ce-ea8fc2e00105'),
  ('d837d228-9937-4f27-bfd4-138bfd2dbe5c', '5e82f41b-038a-4fb6-ba9b-9e6610341bfc'),
  ('d837d228-9937-4f27-bfd4-138bfd2dbe5c', 'b1228d20-3093-4e38-becd-650f8be1c6a7'),
  ('619c3bcf-d976-4597-8c6c-0e2dbd8fad46', 'e73e9fcd-78fa-4855-8383-7465affdca18'),
  ('619c3bcf-d976-4597-8c6c-0e2dbd8fad46', 'fb44de37-bf2a-4ab6-94fb-da9d28366b7e'),
  ('118e53dc-b451-4029-bc15-00152e6f5e2a', 'fa2fb904-7b91-4015-a2ce-ea8fc2e00105'),
  ('118e53dc-b451-4029-bc15-00152e6f5e2a', 'a0c423b3-2875-4020-a3b7-593c3606e8da');

-- Inserting into discounts
INSERT INTO "public"."discounts" ("id", "code", "description", "discount_type", "value", "active", "starts_at", "ends_at") VALUES
  ('aa160bd5-ca49-403b-b4fb-d3b6ce73c12d', 'WELCOME2025', 'New Year Sale', 'percentage', 15, TRUE, '2025-12-13T18:34:27.474Z', '2026-12-13T18:34:27.475Z');

-- Inserting into discount_products
INSERT INTO "public"."discount_products" ("discount_id", "product_id") VALUES
  ('aa160bd5-ca49-403b-b4fb-d3b6ce73c12d', 'abbb471c-adbb-447c-a390-dc0333263120'),
  ('aa160bd5-ca49-403b-b4fb-d3b6ce73c12d', '81a5c997-ca8c-41aa-b6d9-868804f29b8b'),
  ('aa160bd5-ca49-403b-b4fb-d3b6ce73c12d', 'a54b5785-6540-43ae-89c8-b12d11d987df'),
  ('aa160bd5-ca49-403b-b4fb-d3b6ce73c12d', '439dab0e-4546-4458-a2dc-32b99ca7b70a'),
  ('aa160bd5-ca49-403b-b4fb-d3b6ce73c12d', 'afd7cc31-621f-4329-b685-22c146f2024f'),
  ('aa160bd5-ca49-403b-b4fb-d3b6ce73c12d', 'a132d53a-4b5c-45a8-ad34-6025cca25e8b'),
  ('aa160bd5-ca49-403b-b4fb-d3b6ce73c12d', '9f329273-cf01-4f7e-a044-64e0df449c70'),
  ('aa160bd5-ca49-403b-b4fb-d3b6ce73c12d', 'f9f6d74d-c747-4000-8461-c90e73748fb2'),
  ('aa160bd5-ca49-403b-b4fb-d3b6ce73c12d', '47d6d511-a412-4858-8f13-8fc939bb95d2'),
  ('aa160bd5-ca49-403b-b4fb-d3b6ce73c12d', '7a92313d-c18f-4ff6-9a24-4e3261ba37a8');

